SET session_replication_role = replica;

--
-- PostgreSQL database dump
--

-- \restrict WwA9zzn5iEOIZb6mqB6TtSYCSPG92R93tp8pufIcNx8mTnJqzUNkgeiWpM10ZWk

-- Dumped from database version 17.6
-- Dumped by pg_dump version 17.6

SET statement_timeout = 0;
SET lock_timeout = 0;
SET idle_in_transaction_session_timeout = 0;
SET transaction_timeout = 0;
SET client_encoding = 'UTF8';
SET standard_conforming_strings = on;
SELECT pg_catalog.set_config('search_path', '', false);
SET check_function_bodies = false;
SET xmloption = content;
SET client_min_messages = warning;
SET row_security = off;


-- Public schema data only (auth schema excluded for security)

-- Data for Name: categories; Type: TABLE DATA; Schema: public; Owner: postgres
--

INSERT INTO "public"."categories" ("id", "name", "name_en", "max_selection", "sort_order", "created_at") VALUES
	('1e151f1a-e69b-4554-a9ea-7f605fac7a5b', 'סלטים', 'salads', 10, 1, '2025-12-02 18:10:00.032428+00'),
	('5d03384e-d64f-402c-9e81-363c79c98d81', 'מנות ביניים', 'middle_courses', 2, 2, '2025-12-02 18:10:00.032428+00'),
	('bb9aa319-dab3-4e12-852b-84796749e325', 'תוספות', 'sides', 3, 3, '2025-12-02 18:10:00.032428+00'),
	('391efd09-df2c-415b-8962-f15ceef5db3d', 'עיקריות', 'mains', 3, 4, '2025-12-02 18:10:00.032428+00'),
	('611edfc5-264f-4b6b-877f-e81d4e35cab4', 'אקסטרות', 'extras', NULL, 5, '2025-12-02 18:10:00.032428+00'),
	('c621eeb9-ee51-443d-b39e-5fc6f8e6d017', 'לחם, מאפים וקינוחים', 'bakery', NULL, 6, '2025-12-09 16:07:12.725713+00');


--
-- Data for Name: customers; Type: TABLE DATA; Schema: public; Owner: postgres
--

INSERT INTO "public"."customers" ("id", "phone", "name", "address", "notes", "created_at", "updated_at", "phone_alt") VALUES
	('18d018cf-f8f7-40e1-952e-92b8fd460b82', '054-8888888', 'רוני רלין', 'ברניצקי 1 ראשון לציון', NULL, '2025-12-02 18:13:56.745709+00', '2025-12-02 18:13:56.745709+00', NULL),
	('79fae3a9-1211-4d70-8d47-8c03e1cbd0a0', '0501111888', 'רוני זיקרי', 'דגדעידגכע', NULL, '2025-12-02 19:04:22.425799+00', '2025-12-02 19:04:22.425799+00', NULL),
	('2d4566ef-d940-4b92-b299-874269136b67', '0501111999', 'שלום חשמוני', 'אחחדדשגכע', NULL, '2025-12-02 19:05:48.346447+00', '2025-12-02 19:05:48.346447+00', NULL),
	('2b30324e-f2af-4e84-b63f-c329b370d2d8', '0546663333', 'רוני חסמין', 'ראשון חנקין 1', NULL, '2025-12-03 15:50:02.21224+00', '2025-12-03 15:50:02.21224+00', NULL),
	('d54ab9d8-097d-4c33-890e-e1c18c576416', '0546666611', 'רטנחדכד דגכדכ', 'רשאון לציון ', NULL, '2025-12-03 15:54:37.274633+00', '2025-12-03 15:54:37.274633+00', NULL),
	('8bb0a0ec-0693-4c30-9343-7dfa791c8147', '0501111222', 'שוני', 'בבונים 5 ראשון', NULL, '2025-12-25 11:23:52.684483+00', '2025-12-25 11:59:58.242227+00', '0501111221'),
	('4d6ecfb9-6ba6-4f2f-aa99-8388f73fbc94', '0546666688', 'קטארטכגע', 'דגכעדגכעדגכע', NULL, '2025-12-03 15:55:38.829198+00', '2025-12-03 16:15:41.729377+00', NULL),
	('555afa0c-c6ef-419c-91ca-36826c2b5ee4', '0546666689', 'קטארטכגעgjfg', 'דגכעדגכעדגכע', NULL, '2025-12-03 16:16:45.816303+00', '2025-12-03 16:17:20.337207+00', NULL),
	('af2eeeac-08a2-44ea-b05f-4e341e9da398', '0546666789', 'fgdsg', 'דגכעדגכעדגכע ראשון 1', NULL, '2025-12-03 16:18:56.577136+00', '2025-12-03 16:18:56.577136+00', NULL),
	('578b73db-f1c6-4c7c-a448-47f2c8a0460d', '0546666212', 'גדעי/דגשכ', 'געכידעגכע', NULL, '2025-12-03 17:42:31.578416+00', '2025-12-03 17:42:31.578416+00', NULL),
	('6c02666f-387b-4d15-8ab0-8f61ce4667f3', '43563457444', 'dfghdfg', 'dfhdfh', NULL, '2025-12-03 17:56:36.349038+00', '2025-12-03 17:56:36.349038+00', NULL),
	('7057c266-5fc0-43d3-8dc1-2bd857a4c5ab', '0542222111', 'fgjdgjdf', 'רשאון לציון ', NULL, '2025-12-03 18:05:18.775609+00', '2025-12-03 18:05:18.775609+00', NULL),
	('816cbc13-dbb7-4a65-b0f3-33fb6f3b8269', '046532343', 'דכעידגכי', 'גיעשדגע', NULL, '2025-12-03 18:47:36.144071+00', '2025-12-03 18:47:36.144071+00', NULL),
	('4784f54a-104c-4291-b64f-3ab863e3f852', '093335777', 'דגעש', 'געעגגע', NULL, '2025-12-08 05:30:04.648779+00', '2025-12-08 05:30:04.648779+00', NULL),
	('5127d39f-7e25-4591-9931-ff338b7c4251', '093335778', 'דגעשקאקר', 'געעגגע', NULL, '2025-12-08 05:31:27.469378+00', '2025-12-08 05:31:27.469378+00', NULL),
	('a6d67b7b-f762-4e7c-86bd-ae6dbf4457e6', '0549891818', 'גסעלחי', 'גכעחגכח', NULL, '2025-12-08 05:37:36.322904+00', '2025-12-08 05:37:36.322904+00', NULL),
	('519157d7-b43a-4f63-aa1f-509b00e59cfa', '0549891819', 'גסעלחידגכע', 'גכעחגכחגכע', NULL, '2025-12-08 05:38:42.674939+00', '2025-12-08 05:38:42.674939+00', NULL),
	('e55702ed-9a1e-4482-9388-00a33fb9b698', '0546662323', 'דכגעשד', 'כגישגדכע', NULL, '2025-12-08 05:50:12.421695+00', '2025-12-08 05:50:12.421695+00', NULL),
	('a565d11c-d0a4-4565-a8bd-6863f09cf1c2', '0546662325', 'דכגעשדגכעי', 'כגישגדכע', NULL, '2025-12-08 05:51:19.902726+00', '2025-12-08 05:51:19.902726+00', NULL),
	('c4568847-e449-41fa-bf98-43236a4e010a', '089991111', 'גידעגדע', 'עכחדגד', NULL, '2025-12-08 06:55:01.466107+00', '2025-12-08 06:55:01.466107+00', NULL),
	('3f402ea2-6808-4478-a756-2cf64e34c306', '089991112', 'גידעגדעדג', 'עכחדגד', NULL, '2025-12-08 06:55:35.018543+00', '2025-12-08 06:55:35.018543+00', NULL),
	('6ed86e6c-49a2-4776-9585-e248342d6bb8', '0546661212', 'retuer', 'sdf', NULL, '2025-12-08 08:05:05.411382+00', '2025-12-08 08:05:05.411382+00', NULL),
	('02d9d644-85e5-4d9a-a5d1-0683c75a1c83', '0546661213', 'retuerd', 'sdfdf', NULL, '2025-12-08 08:05:30.164502+00', '2025-12-08 08:05:30.164502+00', NULL),
	('a7b42ee2-d906-48ec-8e26-b08836010d85', '05466661112', 'דגכי', 'געגעש', NULL, '2025-12-08 09:07:16.53123+00', '2025-12-08 09:07:16.53123+00', NULL),
	('b29b331b-4023-42da-a861-eb96d1182488', '05466661113', 'דגכיבבב', 'געגעש', NULL, '2025-12-08 09:08:27.440504+00', '2025-12-08 09:08:27.440504+00', NULL),
	('d2ff31d5-dce2-46f5-bcf1-ff9b841f11cf', '03423434', 'dfshgsd', '', NULL, '2025-12-28 14:35:40.787623+00', '2025-12-28 14:35:40.787623+00', NULL),
	('dee82dc3-dbce-4c37-a5d8-d57215746dcd', '0546666818', 'בוני קרוק', 'חריש ריומן 1', NULL, '2025-12-29 09:28:52.266903+00', '2025-12-29 09:35:27.901799+00', '0546666819'),
	('ec743a0d-65db-4f92-a837-8dce6f241c85', '05468888112', 'ררקקק', 'כגעג', NULL, '2025-12-08 09:40:48.517861+00', '2025-12-08 10:34:01.093338+00', NULL),
	('01e00887-6234-4771-a164-f8bdfab61488', '0548888333', 'יוסי אוזן', 'ראשון החשמונים 12', NULL, '2025-12-02 18:32:29.141079+00', '2026-01-01 18:40:52.499926+00', '0548888335'),
	('a0f7b514-4888-413b-aa65-0048f3bd8441', '05468888111', 'רר', 'כגעג', NULL, '2025-12-08 09:40:23.142757+00', '2025-12-08 13:15:47.290065+00', NULL),
	('0c3fceb9-33e2-4bd7-aadb-744d80e4c507', '0501234568', 'בדיקה preparation', '', NULL, '2025-12-08 13:34:38.256371+00', '2025-12-08 13:34:38.256371+00', NULL),
	('28e376eb-6ed0-4041-abd1-e3217d07e0fc', '0548888999', 'קובי1', 'ראשון החשמונים 13', NULL, '2026-01-05 18:33:48.486123+00', '2026-01-05 18:35:15.819571+00', '0547888999'),
	('5b714bbb-2bba-4604-a230-3592b986005d', '0542323111', 'חיים מוריס', 'ראשון לציון דרור 8', NULL, '2026-01-01 18:48:46.46372+00', '2026-01-01 19:20:46.088437+00', '0542323112'),
	('5f349e8f-1327-4e88-8cd9-dbd2ca6e14b3', '0544431222', 'קובי בוזי', 'ראשון החשמונים 18', NULL, '2026-01-01 20:24:10.827331+00', '2026-01-01 20:25:44.82526+00', '0544431223'),
	('69d8b106-18cc-45c9-9077-b976b0824fc5', '0545888999', 'קובי2', 'ראשון החשמונים 11', NULL, '2026-01-05 18:36:01.617769+00', '2026-01-05 18:36:01.617769+00', '0546888999'),
	('221c0892-48fd-4377-93bb-29817e1a34f5', '0549988333', 'טומי גדול', 'ירושלים הבונים 24', NULL, '2026-01-01 20:37:08.581613+00', '2026-01-01 20:42:34.567982+00', '0549988334'),
	('0c186db4-9793-4c96-8410-3994a84735a2', '0546664222', 'דני1', '', NULL, '2025-12-25 10:31:40.48939+00', '2026-01-04 09:39:36.080942+00', '0546664225'),
	('dd3d7453-3ab7-4915-a968-dccaf5959f20', '0543334121', 'vvvv', 'sdgfsdg', NULL, '2025-12-09 09:54:35.974204+00', '2025-12-09 16:08:27.0014+00', NULL),
	('b1ee49c4-6184-475c-9b22-4bc8f838e815', '0546667878', 'פפפטטט', 'בבבב', NULL, '2025-12-08 09:42:16.478062+00', '2025-12-09 16:09:48.318476+00', NULL),
	('3f76e368-18a4-480c-85d3-eaa94b6aa588', '2341345134', 'שדגכ', '', NULL, '2025-12-10 21:35:49.916411+00', '2025-12-10 21:35:49.916411+00', NULL),
	('0b933759-782e-4bee-a332-d0f5b8716346', '0546356756', 'gfhsdf', 'כידכגידגכ', NULL, '2025-12-10 21:51:04.905001+00', '2025-12-10 21:51:04.905001+00', NULL),
	('e6330231-888e-43ec-9e99-d19f22d0259d', 'שדגעדשגע', 'אילן שדגי', 'געשדג', NULL, '2025-12-10 21:33:57.568407+00', '2025-12-10 22:08:09.661767+00', NULL),
	('9d176786-aeff-4258-a506-d7a06faaa862', '0546812634', 'sdfhdf', 'sfgj', NULL, '2025-12-10 22:29:25.305865+00', '2025-12-10 22:29:25.305865+00', NULL),
	('7b9aa8ae-7b9f-4318-93d7-72023327dcae', '0546813455', 'רכטיגד', '', NULL, '2025-12-14 08:00:32.164076+00', '2025-12-14 08:00:32.164076+00', NULL),
	('37c16733-bdd4-4047-a5de-48ecb2c005f6', '0546881212', 'רוני בובי ', 'ראשון לציון דרור 10', NULL, '2025-12-10 21:11:13.233726+00', '2025-12-14 08:13:22.019693+00', NULL),
	('166c0d66-9de5-4f43-8d31-e9174094ac0b', '0547877919', 'קמוקי כככ', '', NULL, '2025-12-14 08:29:53.29867+00', '2025-12-14 08:29:53.29867+00', NULL),
	('54bcdfe6-b5f9-4b20-8bc6-61247b0bb7f6', '0548998171', 'דגכעי', 'גכעד', NULL, '2025-12-14 08:32:13.051938+00', '2025-12-14 08:33:28.693154+00', NULL),
	('4663894b-7ad1-487a-8031-8b7d581dec38', '0506818848', 'יוסי אוזן', 'מושב שחר מועדון הישוב', NULL, '2025-12-14 11:19:20.186411+00', '2025-12-14 12:35:00.035409+00', NULL),
	('1a70d14f-36ec-4441-b622-e33da9186597', '0546662112', 'דודי ', '', NULL, '2025-12-25 10:30:38.361522+00', '2025-12-25 10:30:38.361522+00', NULL),
	('b17cb054-dc55-4b69-8459-d2f46e40cd08', '3249723497', 'dima', 'adress 121212', NULL, '2026-01-06 20:07:29.132516+00', '2026-01-06 20:07:29.132516+00', NULL),
	('5955b83f-2e3b-4626-a14e-c5c1b476dffa', '0546661717', 'בוקי ', 'שושן 23 חדרה', NULL, '2025-12-25 11:52:01.20962+00', '2025-12-25 11:52:01.20962+00', '0546661718'),
	('8f07d6ef-668b-441d-bfe0-99bde7332740', '0548888335', 'דני2', '', NULL, '2026-01-04 09:41:26.304923+00', '2026-01-04 09:41:26.304923+00', '0548888336'),
	('fb360763-5407-4cd4-bbee-9d12a37a2d11', '0549989111', 'דני3', '', NULL, '2026-01-04 09:43:08.478481+00', '2026-01-04 09:43:08.478481+00', '0549999111'),
	('b850d713-88fe-46f7-8e4d-5b9d061a7192', '0546666819', 'דני3', 'ראשון החשמונים 12', NULL, '2026-01-04 10:00:52.32722+00', '2026-01-04 10:00:52.32722+00', '0549666819'),
	('9e0b55fb-8929-471a-a660-3f15b8642208', '0501111111', 'ישראל ישראלי', '', NULL, '2026-01-05 14:42:14.639501+00', '2026-01-05 16:35:25.752406+00', '0521111111'),
	('57190679-a1fe-4d68-b479-4cd740ac9f61', '0501234567', 'לקוח בדיקה', '', NULL, '2025-12-08 11:07:42.593217+00', '2026-01-05 16:35:46.084558+00', NULL);


--
-- Data for Name: food_items; Type: TABLE DATA; Schema: public; Owner: postgres
--

INSERT INTO "public"."food_items" ("id", "category_id", "name", "has_liters", "is_active", "sort_order", "created_at", "measurement_type", "portion_multiplier", "portion_unit") VALUES
	('a27b2409-dce4-4bbe-aee4-42dc6e266389', '1e151f1a-e69b-4554-a9ea-7f605fac7a5b', 'רוטב לרול', false, true, 38, '2025-12-09 11:42:28.070599+00', 'none', NULL, NULL),
	('c79f614e-fedd-4130-a8e2-558f6a218fbb', 'bb9aa319-dab3-4e12-852b-84796749e325', 'תפו״א אפויים', false, true, 7, '2025-12-02 18:10:00.032428+00', 'none', NULL, NULL),
	('730f7123-ddc8-413a-8bd7-042bfaadcd8f', 'bb9aa319-dab3-4e12-852b-84796749e325', 'זיתים מרוקאים', false, true, 3, '2025-12-02 18:10:00.032428+00', 'none', NULL, NULL),
	('428f3bdc-b8d4-4002-8ad2-66fc7e14db4d', 'bb9aa319-dab3-4e12-852b-84796749e325', 'ארטישוק ופטריות', false, true, 4, '2025-12-02 18:10:00.032428+00', 'none', NULL, NULL),
	('f362281e-8f73-480c-bab3-dea2b252b395', 'bb9aa319-dab3-4e12-852b-84796749e325', 'אפונה וגזר', false, true, 5, '2025-12-02 18:10:00.032428+00', 'none', NULL, NULL),
	('f222778c-fb1c-4070-91d7-cebe5da9327c', 'bb9aa319-dab3-4e12-852b-84796749e325', 'אפונה וארטישוק', false, true, 6, '2025-12-02 18:10:00.032428+00', 'none', NULL, NULL),
	('4c76f00b-d315-4229-9a9c-37c1adf72f25', 'bb9aa319-dab3-4e12-852b-84796749e325', 'שעועית מוקפצת', false, true, 9, '2025-12-02 18:10:00.032428+00', 'none', NULL, NULL),
	('a2c2b0e6-165f-49fa-8c38-ffc96f393fd8', 'bb9aa319-dab3-4e12-852b-84796749e325', 'קוסקוס', false, true, 10, '2025-12-02 18:10:00.032428+00', 'none', NULL, NULL),
	('7e15eb7b-d21d-4b94-9151-dd72e0f0f70e', 'bb9aa319-dab3-4e12-852b-84796749e325', 'ירקות לקוסקוס', false, true, 11, '2025-12-02 18:10:00.032428+00', 'none', NULL, NULL),
	('b6a50b14-c250-42d2-a7b0-3eb4f7b29fef', 'bb9aa319-dab3-4e12-852b-84796749e325', 'אורז', false, true, 1, '2025-12-02 18:10:00.032428+00', 'none', NULL, NULL),
	('b7f09930-b9e3-438c-9362-0a6cf9e33ac7', '391efd09-df2c-415b-8962-f15ceef5db3d', 'חצאי כרעיים', false, true, 2, '2025-12-02 18:10:00.032428+00', 'none', NULL, NULL),
	('aa696d74-7d47-484c-98f0-bcc4810f7cad', '391efd09-df2c-415b-8962-f15ceef5db3d', 'פרגיות', false, true, 3, '2025-12-02 18:10:00.032428+00', 'none', NULL, NULL),
	('68269b06-118a-42bd-a395-bdace0708b22', '391efd09-df2c-415b-8962-f15ceef5db3d', 'פרגית', false, false, 4, '2025-12-02 18:10:00.032428+00', 'none', NULL, NULL),
	('6e3c1a2b-4ad6-4e48-bdef-b8a6d1b22127', '391efd09-df2c-415b-8962-f15ceef5db3d', 'סטייק פרגית', false, false, 5, '2025-12-02 18:10:00.032428+00', 'none', NULL, NULL),
	('88c5f721-2f1e-4ae5-a290-a5cd7f519bcc', '391efd09-df2c-415b-8962-f15ceef5db3d', 'שיפודי פרגית', false, false, 6, '2025-12-02 18:10:00.032428+00', 'none', NULL, NULL),
	('71169a47-b8f7-4bbc-b2af-a81582edb94e', '391efd09-df2c-415b-8962-f15ceef5db3d', 'קבב', false, false, 8, '2025-12-02 18:10:00.032428+00', 'none', NULL, NULL),
	('db724c7f-e57e-42ea-a564-94df3b23204b', '391efd09-df2c-415b-8962-f15ceef5db3d', 'המבורגר', false, false, 7, '2025-12-02 18:10:00.032428+00', 'none', NULL, NULL),
	('d07585fd-6972-4207-8589-9c18555dad31', '391efd09-df2c-415b-8962-f15ceef5db3d', 'צלי בקר', false, false, 10, '2025-12-02 18:10:00.032428+00', 'none', NULL, NULL),
	('7e0f0486-5a6f-4159-bb81-8c37b13da680', '391efd09-df2c-415b-8962-f15ceef5db3d', 'אנטריקוט', false, false, 11, '2025-12-02 18:10:00.032428+00', 'none', NULL, NULL),
	('e6cac754-36b4-4f84-800b-c13873383124', '5d03384e-d64f-402c-9e81-363c79c98d81', 'פילה מושט מזרחי', false, true, 1, '2025-12-02 18:10:00.032428+00', 'none', NULL, NULL),
	('a571f31d-8ff1-4415-85b5-203e0304c74a', '391efd09-df2c-415b-8962-f15ceef5db3d', 'שווארמה', false, false, 9, '2025-12-02 18:10:00.032428+00', 'none', NULL, NULL),
	('b6403653-637b-44bc-867f-a0e71a052ef2', '391efd09-df2c-415b-8962-f15ceef5db3d', 'שניצל מטוגן', false, true, 15, '2025-12-09 12:03:44.044601+00', 'none', NULL, NULL),
	('deb8dac1-9616-47bc-9f2b-a6afefa8af0f', '391efd09-df2c-415b-8962-f15ceef5db3d', 'כרעיים אפוי', false, true, 1, '2025-12-02 18:10:00.032428+00', 'none', NULL, NULL),
	('636e4d1a-c835-4d8f-8593-b79bace0741f', '391efd09-df2c-415b-8962-f15ceef5db3d', 'בשר ברוטב', false, true, 16, '2025-12-09 12:04:17.759274+00', 'none', NULL, NULL),
	('9690a702-c1d7-457f-a881-39ace7b39d1a', '391efd09-df2c-415b-8962-f15ceef5db3d', 'לשון ברוטב', false, true, 17, '2025-12-09 12:04:27.69603+00', 'none', NULL, NULL),
	('50ce578f-09eb-4706-993b-ad5afcc45098', '391efd09-df2c-415b-8962-f15ceef5db3d', 'אסאדו', false, true, 18, '2025-12-09 12:04:53.805688+00', 'none', NULL, NULL),
	('6e01ebd6-6762-470b-ae4d-ff9845ca2a52', '5d03384e-d64f-402c-9e81-363c79c98d81', 'טורטיה שווארמה טבעונית', false, true, 13, '2025-12-09 12:09:37.34693+00', 'none', NULL, NULL),
	('850113d1-cfc1-4919-9c22-0a89776c3386', '391efd09-df2c-415b-8962-f15ceef5db3d', 'בשר מספר 6', false, true, 22, '2025-12-09 12:14:35.026538+00', 'none', NULL, NULL),
	('8320bdf9-4050-4d19-b1cf-be28c0982b73', 'bb9aa319-dab3-4e12-852b-84796749e325', 'ירקות מוקפצים', false, true, 8, '2025-12-02 18:10:00.032428+00', 'none', NULL, NULL),
	('dab37724-10f1-46ec-b569-8d9021517b2d', '1e151f1a-e69b-4554-a9ea-7f605fac7a5b', 'חמוצי הבית', true, true, 21, '2025-12-02 18:10:00.032428+00', 'liters', NULL, NULL),
	('2e72be5f-09a0-43a6-922e-a7e870c59cc1', '1e151f1a-e69b-4554-a9ea-7f605fac7a5b', 'טחינה', true, true, 2, '2025-12-02 18:10:00.032428+00', 'liters', NULL, NULL),
	('ffbfc15d-2f5e-4214-82eb-16d8fd786812', '1e151f1a-e69b-4554-a9ea-7f605fac7a5b', 'סלק', true, true, 26, '2025-12-02 18:10:00.032428+00', 'liters', NULL, NULL),
	('98a92763-e2e1-4b9f-b430-7a0aba96b0b1', '1e151f1a-e69b-4554-a9ea-7f605fac7a5b', 'מטבוחה', true, true, 4, '2025-12-02 18:10:00.032428+00', 'liters', NULL, NULL),
	('d783e05c-d720-430b-b09b-7c684f040575', '1e151f1a-e69b-4554-a9ea-7f605fac7a5b', 'פלפל חריף', true, true, 7, '2025-12-02 18:10:00.032428+00', 'liters', NULL, NULL),
	('c63435bb-03ca-49d3-bd9d-b6224e64eab0', '1e151f1a-e69b-4554-a9ea-7f605fac7a5b', 'גזר חי', true, true, 11, '2025-12-02 18:10:00.032428+00', 'liters', NULL, NULL),
	('cbf45b01-1df9-4d4c-9db9-bd64dd2f8160', '1e151f1a-e69b-4554-a9ea-7f605fac7a5b', 'ערבי', true, true, 23, '2025-12-02 18:10:00.032428+00', 'liters', NULL, NULL),
	('11f2656b-87de-424a-83da-5aee8eb1f6cc', '1e151f1a-e69b-4554-a9ea-7f605fac7a5b', 'כרוב סגול', true, true, 8, '2025-12-02 18:10:00.032428+00', 'liters', NULL, NULL),
	('cccfddd5-82e4-401e-b3fb-d47f80c7c287', '1e151f1a-e69b-4554-a9ea-7f605fac7a5b', 'זיתים', true, true, 16, '2025-12-02 18:10:00.032428+00', 'liters', NULL, NULL),
	('b0f67d37-31d2-4982-b187-88a4268209fb', '1e151f1a-e69b-4554-a9ea-7f605fac7a5b', 'לימון צ׳רמלה', true, true, 15, '2025-12-02 18:10:00.032428+00', 'liters', NULL, NULL),
	('b70c42f9-6e27-47c3-b197-e894131cdc3f', '1e151f1a-e69b-4554-a9ea-7f605fac7a5b', 'ירק פיצוחים', true, true, 12, '2025-12-02 18:10:00.032428+00', 'liters', NULL, NULL),
	('16efee4e-7bc5-4ad3-9596-e2a8f91c2c78', '1e151f1a-e69b-4554-a9ea-7f605fac7a5b', 'קונסולו', true, true, 17, '2025-12-02 18:10:00.032428+00', 'liters', NULL, NULL),
	('28218e77-a4b9-4db9-9de8-87a546cf9f93', '611edfc5-264f-4b6b-877f-e81d4e35cab4', 'קציצות דגים', false, true, 3, '2025-12-09 13:02:55.137464+00', 'none', 50.00, 'קציצות דגים'),
	('de76c16e-2f79-4209-b8e5-afbf153d3ffe', '611edfc5-264f-4b6b-877f-e81d4e35cab4', 'בורקס', false, true, 7, '2025-12-26 01:00:46.65226+00', 'none', NULL, NULL),
	('660136d1-7a5f-4674-bd93-29186d43866c', '611edfc5-264f-4b6b-877f-e81d4e35cab4', 'פשטידה', false, true, 8, '2025-12-26 01:01:05.801453+00', 'none', NULL, NULL),
	('90b462f0-e794-4efd-898b-0fdbee92e10b', '5d03384e-d64f-402c-9e81-363c79c98d81', 'פילה מושט מטוגן', false, true, 2, '2025-12-02 18:10:00.032428+00', 'none', NULL, NULL),
	('e68bfe7c-c8dc-498b-80a6-dc7bdf5b25bb', '5d03384e-d64f-402c-9e81-363c79c98d81', 'סול מטוגן', false, true, 3, '2025-12-02 18:10:00.032428+00', 'none', NULL, NULL),
	('ed62cf1e-c1ca-41cd-bb04-abf56d2df379', '5d03384e-d64f-402c-9e81-363c79c98d81', 'סלומון מזרחי', false, true, 4, '2025-12-02 18:10:00.032428+00', 'none', NULL, NULL),
	('89ca3c56-407c-443d-92ec-ea929bc9342b', '5d03384e-d64f-402c-9e81-363c79c98d81', 'סלמון בעשבי תיבול', false, true, 5, '2025-12-02 18:10:00.032428+00', 'none', NULL, NULL),
	('b483a633-4813-4c6b-8e0c-d8fc0e5775d2', '5d03384e-d64f-402c-9e81-363c79c98d81', 'נסיכה', false, true, 6, '2025-12-02 18:10:00.032428+00', 'none', NULL, NULL),
	('3a4aaf6f-3927-43ce-b770-feefba8586aa', '5d03384e-d64f-402c-9e81-363c79c98d81', 'בורקס רוטב פטריות', false, true, 7, '2025-12-02 18:10:00.032428+00', 'none', NULL, NULL),
	('242eefda-89ea-4aa6-8d63-17c4e9e25212', '5d03384e-d64f-402c-9e81-363c79c98d81', 'מאפה השף', false, true, 8, '2025-12-02 18:10:00.032428+00', 'none', NULL, NULL),
	('9ba98df4-f51d-4b1f-b512-15fc0595fed6', '5d03384e-d64f-402c-9e81-363c79c98d81', 'רול בשר', false, true, 9, '2025-12-02 18:10:00.032428+00', 'none', NULL, NULL),
	('c4170b81-6cc3-4925-91f7-6105c3a99093', 'bb9aa319-dab3-4e12-852b-84796749e325', 'אורז אדום', false, false, 2, '2025-12-02 18:10:00.032428+00', 'none', NULL, NULL),
	('a883d20a-5e50-4035-85c8-5bc2c41e378d', '611edfc5-264f-4b6b-877f-e81d4e35cab4', 'מטוגן', true, true, 4, '2025-12-09 13:03:43.439056+00', 'size', NULL, NULL),
	('ea43b995-d754-4792-86c2-a7605c558d55', '611edfc5-264f-4b6b-877f-e81d4e35cab4', 'פטריות לחומוס', false, true, 5, '2025-12-09 13:04:14.044061+00', 'none', NULL, NULL),
	('b682b83f-fd6e-4e36-8a68-f4b2b8c17da9', '611edfc5-264f-4b6b-877f-e81d4e35cab4', 'שניצלונים', true, true, 2, '2025-12-09 12:44:06.21239+00', 'size', NULL, NULL),
	('c510a389-17d2-4b3b-8eb0-2b133e43a25b', '1e151f1a-e69b-4554-a9ea-7f605fac7a5b', 'כרוב אדום במיונז', true, true, 18, '2025-12-02 18:10:00.032428+00', 'liters', NULL, NULL),
	('32ab6ecf-2f51-4cc3-a590-b9ec46c883cc', '1e151f1a-e69b-4554-a9ea-7f605fac7a5b', 'test 2', true, false, 39, '2025-12-10 10:43:55.531348+00', 'size', NULL, NULL),
	('ae17c124-086d-4d7c-8bfc-5c0f2d4668ab', '1e151f1a-e69b-4554-a9ea-7f605fac7a5b', 'כרוב אדום חמוץ', true, true, 19, '2025-12-02 18:10:00.032428+00', 'size', NULL, NULL),
	('6e30d066-dc02-4fe4-9b03-ad3d8259e5bb', '1e151f1a-e69b-4554-a9ea-7f605fac7a5b', 'חומוס', true, true, 1, '2025-12-02 18:10:00.032428+00', 'liters', NULL, NULL),
	('0998edaa-3c8b-4e4a-9e2d-82404cd16f5e', '1e151f1a-e69b-4554-a9ea-7f605fac7a5b', 'גזר מבושל', true, true, 10, '2025-12-02 18:10:00.032428+00', 'liters', NULL, NULL),
	('8636bcf3-ec90-4eb7-811b-b7cd3a1a2a5e', '1e151f1a-e69b-4554-a9ea-7f605fac7a5b', 'חצילים זעלוק', true, true, 3, '2025-12-02 18:10:00.032428+00', 'liters', NULL, NULL),
	('cf038ad4-c3ce-4412-b323-ee79d86f32eb', '1e151f1a-e69b-4554-a9ea-7f605fac7a5b', 'ירקות', true, true, 5, '2025-12-02 18:10:00.032428+00', 'liters', NULL, NULL),
	('d1b5cda2-07b7-4e77-8982-60b636308846', '1e151f1a-e69b-4554-a9ea-7f605fac7a5b', 'חציל בלאדי', true, true, 6, '2025-12-02 18:10:00.032428+00', 'liters', NULL, NULL),
	('0211a85a-5726-4185-b771-1cc43c653caa', '1e151f1a-e69b-4554-a9ea-7f605fac7a5b', 'חציל מטוגן', true, true, 14, '2025-12-02 18:10:00.032428+00', 'liters', NULL, NULL),
	('9ee0aa9c-86ac-4a6b-82ed-dbcbb423772e', '1e151f1a-e69b-4554-a9ea-7f605fac7a5b', 'מלפפון בשמיר', true, true, 20, '2025-12-02 18:10:00.032428+00', 'liters', NULL, NULL),
	('856dce30-25f1-4a09-9361-622c4d81365e', '1e151f1a-e69b-4554-a9ea-7f605fac7a5b', 'תירס ופתריות', true, true, 22, '2025-12-02 18:10:00.032428+00', 'liters', NULL, NULL),
	('dd80145b-99a7-40a0-8916-cb4e63bec81a', '1e151f1a-e69b-4554-a9ea-7f605fac7a5b', 'פול', true, true, 24, '2025-12-02 18:10:00.032428+00', 'liters', NULL, NULL),
	('5ebdae8a-89a4-424e-b942-cbd57ab8208c', '1e151f1a-e69b-4554-a9ea-7f605fac7a5b', 'כרוב', true, true, 9, '2025-12-02 18:10:00.032428+00', 'size', NULL, NULL),
	('74b0d4e1-d97b-4a68-a355-6f295403841f', '1e151f1a-e69b-4554-a9ea-7f605fac7a5b', 'טאבולה', true, true, 13, '2025-12-02 18:10:00.032428+00', 'liters', NULL, NULL),
	('c38cdfcf-1d58-4b04-92ef-3661dc95d00e', '611edfc5-264f-4b6b-877f-e81d4e35cab4', 'בשר ראש', true, true, 11, '2026-01-05 07:50:46.481534+00', 'size', NULL, NULL),
	('18b7cab5-5fef-4ba1-91ab-b0503d845985', '1e151f1a-e69b-4554-a9ea-7f605fac7a5b', 'סלט כרובית', true, false, 27, '2025-12-02 18:10:00.032428+00', 'liters', NULL, NULL),
	('705a79fd-2a57-4993-ac29-1b66e487a974', '1e151f1a-e69b-4554-a9ea-7f605fac7a5b', 'שקדים וצימוקים', false, true, 32, '2025-12-03 09:15:07.810725+00', 'none', NULL, NULL),
	('5d7f54ce-8b2c-4aa7-aedb-39316237f867', 'bb9aa319-dab3-4e12-852b-84796749e325', 'עוד משהו', false, false, 12, '2025-12-03 12:23:44.354127+00', 'none', NULL, NULL),
	('ea19e365-5910-4339-a8a0-9a58732c8c7b', 'bb9aa319-dab3-4e12-852b-84796749e325', 'תפוח אדמה', false, false, 13, '2025-12-03 15:40:45.828162+00', 'none', NULL, NULL),
	('7884e711-f4d8-4bdb-86b1-03702cdcdb6e', '391efd09-df2c-415b-8962-f15ceef5db3d', 'חזה עוף', false, true, 21, '2025-12-09 12:05:47.560193+00', 'none', NULL, NULL),
	('b1a0c738-c9ae-426e-9483-8df258463d42', '5d03384e-d64f-402c-9e81-363c79c98d81', 'דג לברק', false, true, 12, '2025-12-09 12:08:42.766973+00', 'none', NULL, NULL),
	('0d491d57-9735-4cfa-ad25-c92f5571cf5b', 'bb9aa319-dab3-4e12-852b-84796749e325', 'אנטיפסטי', false, true, 14, '2025-12-09 12:11:50.466395+00', 'none', NULL, NULL),
	('205e49b8-4fb2-44d8-b519-14afc6cb439d', 'bb9aa319-dab3-4e12-852b-84796749e325', 'נודלס ירקות', false, true, 15, '2025-12-09 12:12:00.633264+00', 'none', NULL, NULL),
	('47cbed0e-dabc-41b2-b7af-fc99d0960136', 'bb9aa319-dab3-4e12-852b-84796749e325', 'שעועית פדואל', false, true, 16, '2025-12-09 12:12:15.243195+00', 'none', NULL, NULL),
	('3a6529ae-7dc5-48e4-b682-37c6c863fb5a', '1e151f1a-e69b-4554-a9ea-7f605fac7a5b', 'עוד סלט', false, false, 34, '2025-12-03 09:53:41.522028+00', 'none', NULL, NULL),
	('287578eb-85fb-4193-9bea-039f8af3994b', '1e151f1a-e69b-4554-a9ea-7f605fac7a5b', 'סלט אחד', false, false, 33, '2025-12-03 09:38:47.011202+00', 'none', NULL, NULL),
	('32c47dfd-5ff1-4654-ac58-775aa2cb4ac4', '1e151f1a-e69b-4554-a9ea-7f605fac7a5b', 'סלט גרגירי חומוס', true, false, 25, '2025-12-02 18:10:00.032428+00', 'liters', NULL, NULL),
	('eb8b168d-295d-4cdc-991a-2519be737fe6', '391efd09-df2c-415b-8962-f15ceef5db3d', 'קציצות', false, true, 13, '2025-12-03 14:06:38.717257+00', 'none', 3.00, 'קציצות'),
	('2a0e724d-df23-4f6d-97fc-9b3fc4411978', '391efd09-df2c-415b-8962-f15ceef5db3d', 'קוביות בשר ויטרז׳', false, true, 14, '2025-12-03 14:08:03.333663+00', 'none', 100.00, 'גרם'),
	('a6dc229e-94ec-4b97-b8dc-191b28deb6c6', '1e151f1a-e69b-4554-a9ea-7f605fac7a5b', 'בטטה', true, true, 36, '2025-12-09 11:20:47.162593+00', 'liters', NULL, NULL),
	('16089e82-1eeb-4c2f-99cb-e99ec68b3a0d', '1e151f1a-e69b-4554-a9ea-7f605fac7a5b', 'ירוק', true, true, 31, '2025-12-03 09:07:15.856514+00', 'liters', NULL, NULL),
	('46f7868e-3c84-408d-acb0-c9333d1fa05d', '1e151f1a-e69b-4554-a9ea-7f605fac7a5b', 'שרי', true, true, 35, '2025-12-09 11:20:38.26772+00', 'liters', NULL, NULL),
	('6ec5c9b0-1086-4c8d-86a1-551267d53706', '5d03384e-d64f-402c-9e81-363c79c98d81', 'רול ירקות', false, true, 10, '2025-12-03 09:29:10.987094+00', 'none', NULL, NULL),
	('e5be9ae5-6356-44b9-8504-923a7773229d', '5d03384e-d64f-402c-9e81-363c79c98d81', 'חמין', false, true, 11, '2025-12-03 11:56:38.069104+00', 'none', NULL, NULL),
	('458fdc4a-3581-464b-b9b8-b89def2b2e00', '391efd09-df2c-415b-8962-f15ceef5db3d', 'קציצות דגים', false, false, 23, '2025-12-09 12:45:33.888941+00', 'none', 50.00, 'קציצות דגים'),
	('769c005c-f0c0-4107-8b5c-ad52ffea2dee', '611edfc5-264f-4b6b-877f-e81d4e35cab4', 'קובה', true, true, 1, '2025-12-09 12:43:44.335756+00', 'size', NULL, NULL),
	('525af5bb-9bc1-4dd7-888a-792631e5bc5e', '1e151f1a-e69b-4554-a9ea-7f605fac7a5b', 'מיונז', true, true, 28, '2025-12-02 18:10:00.032428+00', 'liters', NULL, NULL),
	('74208092-3737-4e08-be3c-000618e799f4', 'c621eeb9-ee51-443d-b39e-5fc6f8e6d017', 'פרנות', false, true, 1, '2025-12-09 16:07:12.725713+00', 'none', NULL, NULL),
	('fe06093f-201f-4508-9b96-91372697271e', 'c621eeb9-ee51-443d-b39e-5fc6f8e6d017', 'המוציא', false, true, 2, '2025-12-09 16:07:12.725713+00', 'none', NULL, NULL),
	('d11cbac4-d253-484a-adad-88037575d57c', 'c621eeb9-ee51-443d-b39e-5fc6f8e6d017', 'מזונות', false, true, 3, '2025-12-09 16:07:12.725713+00', 'none', NULL, NULL),
	('5c10e21d-35ac-4cb4-aad6-d288d3ef8ace', 'c621eeb9-ee51-443d-b39e-5fc6f8e6d017', 'מחמצת', false, true, 4, '2025-12-09 16:07:12.725713+00', 'none', NULL, NULL),
	('3ab9444e-0715-4c0b-9546-72e3a40956cb', 'c621eeb9-ee51-443d-b39e-5fc6f8e6d017', 'קוראסון', false, true, 5, '2025-12-09 16:07:12.725713+00', 'none', NULL, NULL),
	('69829f03-a3e5-4657-9aff-7fcee2313b8e', 'c621eeb9-ee51-443d-b39e-5fc6f8e6d017', 'קינוחים', false, true, 6, '2025-12-09 16:07:12.725713+00', 'none', NULL, NULL),
	('d2089c5f-84ad-4240-ab26-e8a60b0c2883', '1e151f1a-e69b-4554-a9ea-7f605fac7a5b', 'חסה', true, true, 29, '2025-12-02 20:18:00.284474+00', 'size', NULL, NULL),
	('a9b8070c-cc8c-435b-af53-a219965c4d4d', '1e151f1a-e69b-4554-a9ea-7f605fac7a5b', 'כרוב אסייתי', true, true, 30, '2025-12-03 08:28:11.712857+00', 'size', NULL, NULL),
	('e4f0c8d3-1ec8-4921-840e-61ee6208bccc', '611edfc5-264f-4b6b-877f-e81d4e35cab4', 'בדיקה', true, false, 6, '2025-12-14 08:16:13.568119+00', 'liters', NULL, NULL),
	('33785882-e401-4340-9634-fc6afb0c1316', '391efd09-df2c-415b-8962-f15ceef5db3d', 'שיפודי קבב', false, true, 19, '2025-12-09 12:05:31.939602+00', 'none', 2.00, 'שיפודים'),
	('6f20fc64-6fd5-4477-8dbd-f639f21f3e67', '391efd09-df2c-415b-8962-f15ceef5db3d', 'חציי שניצל', false, true, 12, '2025-12-03 13:44:54.17553+00', 'none', 2.00, 'חצאים'),
	('fb4b696f-7749-4a20-9003-5eef9573cbe0', '391efd09-df2c-415b-8962-f15ceef5db3d', 'שיפודי עוף', false, true, 20, '2025-12-09 12:05:39.511412+00', 'none', 2.00, 'שיפודי פרגית'),
	('57443d6e-e70a-41a5-b69a-e7c7b590dbec', '1e151f1a-e69b-4554-a9ea-7f605fac7a5b', 'משאוושה', true, false, 37, '2025-12-09 11:25:31.032198+00', 'liters', NULL, NULL),
	('9fd8deb5-49c0-4f66-af25-19dbe6c47fbd', '611edfc5-264f-4b6b-877f-e81d4e35cab4', 'פסטלים', true, true, 9, '2026-01-05 07:49:07.967983+00', 'size', NULL, NULL),
	('c85c7625-8141-4be7-b8b2-2ddf6739fdab', '611edfc5-264f-4b6b-877f-e81d4e35cab4', 'סיגרים', true, true, 10, '2026-01-05 07:49:35.956058+00', 'size', NULL, NULL),
	('b13c4208-e5b9-4509-8652-296285e68139', '611edfc5-264f-4b6b-877f-e81d4e35cab4', 'צ׳יפס', true, true, 12, '2026-01-05 07:51:28.201675+00', 'size', NULL, NULL),
	('15a24638-e018-4376-b9ac-d315eaa87933', '611edfc5-264f-4b6b-877f-e81d4e35cab4', 'מיקס קינוחים', true, true, 13, '2026-01-05 07:52:15.465803+00', 'size', NULL, NULL);


--
-- Data for Name: orders; Type: TABLE DATA; Schema: public; Owner: postgres
--

INSERT INTO "public"."orders" ("id", "order_number", "customer_id", "order_date", "order_time", "delivery_address", "notes", "status", "created_at", "updated_at", "customer_time", "total_portions", "price_per_portion", "delivery_fee") VALUES
	('b09deb0e-46fa-489c-b9b7-d8805a1e4301', 2, '01e00887-6234-4771-a164-f8bdfab61488', '2025-12-02', '12:12:00', 'רשאון לציון ', 'אין', 'active', '2025-12-02 18:32:29.497348+00', '2025-12-02 18:32:29.497348+00', NULL, NULL, NULL, NULL),
	('0d22d675-05b8-45f7-ad88-52a9de801438', 3, '79fae3a9-1211-4d70-8d47-8c03e1cbd0a0', '2025-12-02', '12:12:00', 'דגדעידגכע', 'שדגעכ', 'active', '2025-12-02 19:04:22.792854+00', '2025-12-02 19:04:22.792854+00', NULL, NULL, NULL, NULL),
	('5f846d06-dbc4-4156-9bfe-77668235cd5f', 4, '2d4566ef-d940-4b92-b299-874269136b67', '2025-12-03', '12:12:00', 'אחחדדשגכע', 'גכישדגע', 'active', '2025-12-02 19:05:48.707228+00', '2025-12-02 19:05:48.707228+00', NULL, NULL, NULL, NULL),
	('0580d830-81e2-47cb-839c-7750896ff072', 7, '4d6ecfb9-6ba6-4f2f-aa99-8388f73fbc94', '2025-12-03', '12:12:00', 'דגכעדגכע', 'דגכעדגכ', 'active', '2025-12-03 15:55:39.133376+00', '2025-12-03 15:55:39.133376+00', NULL, NULL, NULL, NULL),
	('643b8ec4-6170-4ef7-9d1c-28a5bc67717f', 10, '4d6ecfb9-6ba6-4f2f-aa99-8388f73fbc94', '2025-12-03', '12:12:00', 'דגכעדגכעדגכע', 'דגכעדגכ', 'active', '2025-12-03 16:15:42.046716+00', '2025-12-03 16:15:42.046716+00', NULL, NULL, NULL, NULL),
	('c1d320e9-f063-4e1e-a83f-df5b1cee77d2', 11, '555afa0c-c6ef-419c-91ca-36826c2b5ee4', '2025-12-03', '12:12:00', 'דגכעדגכעדגכע', 'דגכעדגכ', 'active', '2025-12-03 16:16:46.124107+00', '2025-12-03 16:16:46.124107+00', NULL, NULL, NULL, NULL),
	('4e006388-b563-4712-b091-374c467043c9', 12, '555afa0c-c6ef-419c-91ca-36826c2b5ee4', '2025-12-03', '12:12:00', 'דגכעדגכעדגכע', 'דגכעדגכ', 'active', '2025-12-03 16:17:21.016501+00', '2025-12-03 16:17:21.016501+00', NULL, NULL, NULL, NULL),
	('417ab691-39ed-4e2c-814b-39ca37cfe961', 13, 'af2eeeac-08a2-44ea-b05f-4e341e9da398', '2025-12-03', '12:12:00', 'דגכעדגכעדגכע ראשון 1', 'דגכעדגכ', 'active', '2025-12-03 16:18:56.885569+00', '2025-12-03 16:18:56.885569+00', NULL, NULL, NULL, NULL),
	('493072ba-413c-4241-bdd3-0a77ad476ded', 14, '01e00887-6234-4771-a164-f8bdfab61488', '2025-12-03', '11:11:00', 'fbfdghsfdh', 'sfdghsdgfdsfg', 'active', '2025-12-03 17:35:41.172738+00', '2025-12-03 17:35:41.172738+00', NULL, NULL, NULL, NULL),
	('2e2ee4bc-8f99-4707-a9bb-803d760b9744', 15, '578b73db-f1c6-4c7c-a448-47f2c8a0460d', '2025-12-03', '13:13:00', 'געכידעגכע', 'גדכיעשגעכ`', 'active', '2025-12-03 17:42:31.837474+00', '2025-12-03 17:42:31.837474+00', NULL, NULL, NULL, NULL),
	('e00debf1-cf41-4d6b-8a47-8dd366944d0d', 16, '6c02666f-387b-4d15-8ab0-8f61ce4667f3', '2025-12-03', '12:12:00', 'dfhdfh', 'sdfhsdfh', 'active', '2025-12-03 17:56:36.755223+00', '2025-12-03 17:56:36.755223+00', NULL, NULL, NULL, NULL),
	('7c6bcda6-a87c-48d1-a772-5302989ceb42', 17, '7057c266-5fc0-43d3-8dc1-2bd857a4c5ab', '2025-12-03', '12:03:00', 'רשאון לציון ', 'dfsgasdf', 'active', '2025-12-03 18:05:19.073637+00', '2025-12-03 18:05:19.073637+00', NULL, NULL, NULL, NULL),
	('7440d20a-4464-410f-b3b7-bb1fa1ecbf7b', 18, '816cbc13-dbb7-4a65-b0f3-33fb6f3b8269', '2025-12-03', '14:14:00', 'גיעשדגע', 'דגכידגכי', 'active', '2025-12-03 18:47:36.42243+00', '2025-12-03 18:47:36.42243+00', NULL, NULL, NULL, NULL),
	('381102e2-e8d2-4594-842d-ce81029daec6', 32, 'ec743a0d-65db-4f92-a837-8dce6f241c85', '2025-12-08', '12:32:00', 'כגעג', 'גכע', 'active', '2025-12-08 09:40:48.780737+00', '2025-12-08 10:34:01.409236+00', NULL, NULL, NULL, NULL),
	('27edfa2b-5f60-4df9-b66a-7ed45bd5956f', 34, '57190679-a1fe-4d68-b479-4cd740ac9f61', '2025-12-08', NULL, NULL, NULL, 'active', '2025-12-08 11:07:42.944537+00', '2025-12-08 11:07:42.944537+00', NULL, NULL, NULL, NULL),
	('e847215a-220d-4e3a-a643-9c1613f4d165', 31, 'a0f7b514-4888-413b-aa65-0048f3bd8441', '2025-12-08', NULL, 'כגעג', 'גכע', 'active', '2025-12-08 09:40:23.450155+00', '2025-12-08 13:15:47.610926+00', NULL, NULL, NULL, NULL),
	('7a0c0526-9772-4962-88b6-66d70ef4cde2', 35, '0c3fceb9-33e2-4bd7-aadb-744d80e4c507', '2025-12-08', NULL, NULL, NULL, 'active', '2025-12-08 13:34:38.656528+00', '2025-12-08 13:34:38.656528+00', NULL, NULL, NULL, NULL),
	('49ddaed8-8749-4cdf-9838-c503020ccdb3', 37, '37c16733-bdd4-4047-a5de-48ecb2c005f6', '2025-12-10', '15:45:00', 'ראשון לציון דרור 10', 'אין ', 'active', '2025-12-10 21:11:13.747945+00', '2025-12-10 21:11:13.747945+00', NULL, NULL, NULL, NULL),
	('feb99f8e-c182-46f1-b066-f8ab61b86c3e', 39, '3f76e368-18a4-480c-85d3-eaa94b6aa588', '2025-12-10', NULL, NULL, NULL, 'active', '2025-12-10 21:35:50.307521+00', '2025-12-10 21:35:50.307521+00', NULL, NULL, NULL, NULL),
	('650bdc47-e2b9-42c1-a52e-4c9c8457a615', 40, '0b933759-782e-4bee-a332-d0f5b8716346', '2025-12-10', '15:15:00', 'כידכגידגכ', 'גדכידגכע', 'active', '2025-12-10 21:51:05.269435+00', '2025-12-10 21:51:05.269435+00', NULL, NULL, NULL, NULL),
	('adfd2a58-14ad-432f-9c91-730295b8713b', 38, 'e6330231-888e-43ec-9e99-d19f22d0259d', '2025-12-10', '14:14:00', 'געשדג', 'שדגע', 'active', '2025-12-10 21:33:57.939584+00', '2025-12-10 22:08:10.080414+00', NULL, NULL, NULL, NULL),
	('59c4df77-2286-42aa-a928-5ef2de10b62d', 41, '9d176786-aeff-4258-a506-d7a06faaa862', '2025-12-10', '16:17:00', 'sfgj', 'sdfh', 'active', '2025-12-10 22:29:25.702457+00', '2025-12-10 22:29:25.702457+00', NULL, NULL, NULL, NULL),
	('b1b342c0-526f-42a0-928d-b524ad38e806', 42, '7b9aa8ae-7b9f-4318-93d7-72023327dcae', '2025-12-14', '12:12:00', NULL, NULL, 'active', '2025-12-14 08:00:32.420144+00', '2025-12-14 08:00:32.420144+00', NULL, NULL, NULL, NULL),
	('41c92997-43a0-493a-b59f-767b77d5fecc', 43, '37c16733-bdd4-4047-a5de-48ecb2c005f6', '2025-12-14', NULL, NULL, NULL, 'active', '2025-12-14 08:13:22.272936+00', '2025-12-14 08:13:22.272936+00', NULL, NULL, NULL, NULL),
	('b98a17a5-65e2-456f-b5a8-85e16a4f0eb7', 44, '166c0d66-9de5-4f43-8d31-e9174094ac0b', '2025-12-14', '13:04:00', NULL, NULL, 'active', '2025-12-14 08:29:53.647634+00', '2025-12-14 08:29:53.647634+00', NULL, NULL, NULL, NULL),
	('1b43ac65-6c95-46c4-bae2-eee43ef4f70f', 45, '54bcdfe6-b5f9-4b20-8bc6-61247b0bb7f6', '2025-12-14', '12:12:00', 'גכעד', 'דגכע', 'active', '2025-12-14 08:32:13.342089+00', '2025-12-14 08:32:13.342089+00', NULL, NULL, NULL, NULL),
	('d21fd8a3-74cf-4ff3-8992-b77c442793eb', 46, '54bcdfe6-b5f9-4b20-8bc6-61247b0bb7f6', '2025-12-14', '12:12:00', 'גכעד', 'דגכע', 'active', '2025-12-14 08:33:28.995199+00', '2025-12-14 08:33:28.995199+00', NULL, NULL, NULL, NULL),
	('fd4cea66-63bb-49c1-8df3-0e3953b11a23', 47, '4663894b-7ad1-487a-8031-8b7d581dec38', '2025-12-18', '14:00:00', 'ראשון לציון דרור 1 ', NULL, 'active', '2025-12-14 11:19:20.599455+00', '2025-12-14 11:19:20.599455+00', NULL, NULL, NULL, NULL),
	('ce0d2d3c-d846-430d-ad7e-0f2876a13e28', 48, '4663894b-7ad1-487a-8031-8b7d581dec38', '2025-12-18', '14:00:00', 'מושב שחר מועדון הישוב', 'אין ', 'active', '2025-12-14 12:35:00.458714+00', '2025-12-14 12:35:00.458714+00', NULL, NULL, NULL, NULL),
	('fb554987-eee1-412f-999d-8a442ad28132', 49, '1a70d14f-36ec-4441-b622-e33da9186597', '2025-12-25', '14:14:00', NULL, 'טלפון נוסף: 0546662111', 'active', '2025-12-25 10:30:38.636833+00', '2025-12-25 10:30:38.636833+00', NULL, NULL, NULL, NULL),
	('7aff226a-0fc5-47ae-9d41-bef11afda310', 50, '0c186db4-9793-4c96-8410-3994a84735a2', '2025-12-26', NULL, NULL, 'טלפון נוסף: 0546664221', 'active', '2025-12-25 10:31:40.722935+00', '2025-12-25 10:31:40.722935+00', NULL, NULL, NULL, NULL),
	('deca09eb-1e06-4f45-acea-52c2232b5dad', 52, '5955b83f-2e3b-4626-a14e-c5c1b476dffa', '2025-12-25', '12:12:00', 'שושן 23 חדרה', 'געגעג', 'active', '2025-12-25 11:52:01.496877+00', '2025-12-25 11:52:01.496877+00', '15:14:00', 25, 125.00, 250.00),
	('adc47c6d-6936-47bf-812a-d35f48c062e5', 51, '8bb0a0ec-0693-4c30-9343-7dfa791c8147', '2025-12-25', '12:44:00', 'בבונים 5 ראשון', 'בלי חריף הכל ', 'active', '2025-12-25 11:23:52.922269+00', '2025-12-25 11:59:58.502865+00', NULL, 25, 23.00, 244.00),
	('4350633c-c460-4d2f-a9de-9d71332889a4', 53, '01e00887-6234-4771-a164-f8bdfab61488', '2025-12-25', '12:12:00', 'ראשון החשמונים 12', NULL, 'active', '2025-12-26 00:37:44.308075+00', '2025-12-26 00:37:44.308075+00', '14:14:00', 14, 24.00, 245.00),
	('acaf8df4-1fb2-4ab8-93f5-b1570f0233d1', 54, 'd2ff31d5-dce2-46f5-bcf1-ff9b841f11cf', '2025-12-28', NULL, NULL, NULL, 'active', '2025-12-28 14:35:41.078224+00', '2025-12-28 14:35:41.078224+00', NULL, NULL, NULL, NULL),
	('598273bc-fdee-4f20-9414-c7a56a2915a4', 55, 'dee82dc3-dbce-4c37-a5d8-d57215746dcd', '2025-12-29', '15:15:00', 'חריש ריומן 1', 'כעגדדכג', 'active', '2025-12-29 09:28:52.578437+00', '2025-12-29 09:28:52.578437+00', '15:54:00', 30, 250.00, 25.00),
	('6dcd9e93-182f-4dde-a7c7-b5db90dfe7fb', 56, 'dee82dc3-dbce-4c37-a5d8-d57215746dcd', '2025-12-29', '15:15:00', 'חריש ריומן 1', 'כעגדדכג', 'active', '2025-12-29 09:35:28.181904+00', '2025-12-29 09:35:28.181904+00', '12:54:00', 30, 250.00, 25.00),
	('243cafe5-ad48-4b03-bbfa-7f28ebb64ff5', 60, '5b714bbb-2bba-4604-a230-3592b986005d', '2026-01-13', '12:00:00', 'ראשון לציון דרור 8', NULL, 'active', '2026-01-01 18:56:17.640059+00', '2026-01-01 18:56:17.640059+00', '14:00:00', 35, 45.00, 200.00),
	('7f72109b-19e1-4f8a-8140-1162256ad3d9', 61, '5b714bbb-2bba-4604-a230-3592b986005d', '2026-01-13', '12:00:00', 'ראשון לציון דרור 8', NULL, 'active', '2026-01-01 18:57:40.292871+00', '2026-01-01 19:20:46.898815+00', '14:00:00', 35, 45.00, 200.00),
	('01c4f19b-2052-4ced-a0c6-b286cf87a3dd', 62, '5f349e8f-1327-4e88-8cd9-dbd2ca6e14b3', '2026-01-01', '12:00:00', 'ראשון החשמונים 18', NULL, 'active', '2026-01-01 20:24:11.183086+00', '2026-01-01 20:24:11.183086+00', '14:00:00', 35, 45.00, 250.00),
	('25ed9099-09b6-4e83-ab5c-5ea6af90c8ac', 63, '5f349e8f-1327-4e88-8cd9-dbd2ca6e14b3', '2026-01-01', '12:00:00', 'ראשון החשמונים 18', NULL, 'active', '2026-01-01 20:25:45.116216+00', '2026-01-01 20:25:45.116216+00', '14:00:00', 35, 45.00, 250.00),
	('177b420c-ccaa-4adb-ba9d-138fb15222b2', 64, '221c0892-48fd-4377-93bb-29817e1a34f5', '2026-01-01', '12:00:00', 'ירושלים הבונים 24', NULL, 'active', '2026-01-01 20:37:09.007548+00', '2026-01-01 20:42:34.825188+00', '14:00:00', 30, 45.00, 250.00),
	('996f167d-4f48-4e67-8832-2b9e3d011939', 65, '0c186db4-9793-4c96-8410-3994a84735a2', '2026-01-04', '16:00:00', NULL, NULL, 'active', '2026-01-04 09:39:36.363484+00', '2026-01-04 09:39:36.363484+00', '15:00:00', NULL, NULL, NULL),
	('2226d18c-6e5d-49fd-8f0a-25d52edb1c06', 66, '8f07d6ef-668b-441d-bfe0-99bde7332740', '2026-01-04', NULL, NULL, NULL, 'active', '2026-01-04 09:41:26.543777+00', '2026-01-04 09:41:26.543777+00', NULL, NULL, NULL, NULL),
	('f0532588-f657-40a9-902a-dee1df986c93', 67, 'fb360763-5407-4cd4-bbee-9d12a37a2d11', '2026-01-04', NULL, NULL, NULL, 'active', '2026-01-04 09:43:08.727399+00', '2026-01-04 09:43:08.727399+00', NULL, NULL, NULL, NULL),
	('0b9b3548-6c4d-4285-ba83-733b4b36336d', 68, 'b850d713-88fe-46f7-8e4d-5b9d061a7192', '2026-01-04', '14:00:00', 'ראשון החשמונים 12', NULL, 'active', '2026-01-04 10:00:52.562647+00', '2026-01-04 10:00:52.562647+00', '15:00:00', NULL, NULL, NULL),
	('bc1d7775-96a1-4175-b117-c50b388de586', 69, '57190679-a1fe-4d68-b479-4cd740ac9f61', '2026-01-05', NULL, NULL, NULL, 'active', '2026-01-05 14:41:36.324473+00', '2026-01-05 14:41:36.324473+00', '12:00:00', NULL, NULL, NULL),
	('4289b05b-30bd-4b6b-a5f9-edf8c83ca4db', 70, '9e0b55fb-8929-471a-a660-3f15b8642208', '2026-01-05', NULL, NULL, 'איסוף בבוקר', 'active', '2026-01-05 14:42:14.942585+00', '2026-01-05 14:42:14.942585+00', '10:00:00', NULL, NULL, NULL),
	('d7e4802b-b2db-479a-9ccd-a072a09a0c95', 71, '57190679-a1fe-4d68-b479-4cd740ac9f61', '2026-01-05', NULL, NULL, NULL, 'active', '2026-01-05 14:42:15.23525+00', '2026-01-05 14:42:15.23525+00', '12:00:00', NULL, NULL, NULL),
	('28449040-ea3f-4101-a4f0-adb6e9779d82', 72, '57190679-a1fe-4d68-b479-4cd740ac9f61', '2026-01-05', NULL, NULL, NULL, 'active', '2026-01-05 14:42:37.087703+00', '2026-01-05 14:42:37.087703+00', '12:00:00', NULL, NULL, NULL),
	('6844d363-658a-44ae-b145-65d6b478cc06', 73, '57190679-a1fe-4d68-b479-4cd740ac9f61', '2026-01-05', NULL, NULL, NULL, 'active', '2026-01-05 14:45:38.479396+00', '2026-01-05 14:45:38.479396+00', '12:00:00', NULL, NULL, NULL),
	('c0930c8e-6b76-4b1b-948a-b5b686d88096', 74, '9e0b55fb-8929-471a-a660-3f15b8642208', '2026-01-05', NULL, NULL, 'איסוף בבוקר', 'active', '2026-01-05 14:45:38.505716+00', '2026-01-05 14:45:38.505716+00', '10:00:00', NULL, NULL, NULL),
	('84b14542-9489-4ba6-a150-2832b2cafc9f', 75, '57190679-a1fe-4d68-b479-4cd740ac9f61', '2026-01-05', NULL, NULL, NULL, 'active', '2026-01-05 14:45:57.522938+00', '2026-01-05 14:45:57.522938+00', '12:00:00', NULL, NULL, NULL),
	('58ba5fc0-5edd-4728-b269-236a3a310fb3', 76, '57190679-a1fe-4d68-b479-4cd740ac9f61', '2026-01-05', NULL, NULL, NULL, 'active', '2026-01-05 14:53:22.113607+00', '2026-01-05 14:53:22.113607+00', '12:00:00', NULL, NULL, NULL),
	('412d02f4-5a5e-481a-93fe-e492131b1d7f', 77, '57190679-a1fe-4d68-b479-4cd740ac9f61', '2026-01-05', NULL, NULL, NULL, 'active', '2026-01-05 14:53:44.797701+00', '2026-01-05 14:53:44.797701+00', '12:00:00', NULL, NULL, NULL),
	('a633d07a-4894-4bc3-b5fa-1c4e68067a15', 78, '9e0b55fb-8929-471a-a660-3f15b8642208', '2026-01-05', NULL, NULL, 'איסוף בבוקר', 'active', '2026-01-05 14:53:44.806142+00', '2026-01-05 14:53:44.806142+00', '10:00:00', NULL, NULL, NULL),
	('0b42632a-8410-4dd8-a8af-fb57ebd6e667', 79, '57190679-a1fe-4d68-b479-4cd740ac9f61', '2026-01-05', NULL, NULL, NULL, 'active', '2026-01-05 14:53:57.944369+00', '2026-01-05 14:53:57.944369+00', '12:00:00', NULL, NULL, NULL),
	('61028228-c00e-4321-bdd7-fbc4dcef309d', 80, '57190679-a1fe-4d68-b479-4cd740ac9f61', '2026-01-05', NULL, NULL, NULL, 'active', '2026-01-05 14:54:03.905487+00', '2026-01-05 14:54:03.905487+00', '12:00:00', NULL, NULL, NULL),
	('928fda09-22b2-44f4-977d-9234a12bfe79', 81, '57190679-a1fe-4d68-b479-4cd740ac9f61', '2026-01-05', NULL, NULL, NULL, 'active', '2026-01-05 14:54:05.19142+00', '2026-01-05 14:54:05.19142+00', '12:00:00', NULL, NULL, NULL),
	('221ec3b7-3fd4-4709-8088-9cf8b87b7d3b', 82, '9e0b55fb-8929-471a-a660-3f15b8642208', '2026-01-05', NULL, NULL, 'איסוף בבוקר', 'active', '2026-01-05 14:54:37.067773+00', '2026-01-05 14:54:37.067773+00', '10:00:00', NULL, NULL, NULL),
	('2425503e-11c0-486b-8168-23c7d6d6b64e', 83, '9e0b55fb-8929-471a-a660-3f15b8642208', '2026-01-05', NULL, NULL, 'איסוף בבוקר', 'active', '2026-01-05 14:56:28.723439+00', '2026-01-05 14:56:28.723439+00', '10:00:00', NULL, NULL, NULL),
	('18601fd4-ebf9-4076-90a3-517bf2fc907c', 84, '9e0b55fb-8929-471a-a660-3f15b8642208', '2026-01-05', NULL, NULL, 'איסוף בבוקר', 'active', '2026-01-05 14:58:13.891109+00', '2026-01-05 14:58:13.891109+00', '10:00:00', NULL, NULL, NULL),
	('5f774a18-865f-4d3c-9c22-3b464be709fd', 85, '57190679-a1fe-4d68-b479-4cd740ac9f61', '2026-01-05', NULL, NULL, NULL, 'active', '2026-01-05 14:58:41.573883+00', '2026-01-05 14:58:41.573883+00', '12:00:00', NULL, NULL, NULL),
	('0b525ffb-c355-4913-8a1c-3dbc12131254', 86, '9e0b55fb-8929-471a-a660-3f15b8642208', '2026-01-05', NULL, NULL, 'איסוף בבוקר', 'active', '2026-01-05 14:58:41.605992+00', '2026-01-05 14:58:41.605992+00', '10:00:00', NULL, NULL, NULL),
	('110cdef4-3a30-4fb3-a425-0d328fd65c2e', 87, '57190679-a1fe-4d68-b479-4cd740ac9f61', '2026-01-05', NULL, NULL, NULL, 'active', '2026-01-05 14:58:56.342031+00', '2026-01-05 14:58:56.342031+00', '12:00:00', NULL, NULL, NULL),
	('a49da314-7966-4037-a326-e6ed2b17442a', 88, '57190679-a1fe-4d68-b479-4cd740ac9f61', '2026-01-05', NULL, NULL, NULL, 'active', '2026-01-05 14:59:02.300059+00', '2026-01-05 14:59:02.300059+00', '12:00:00', NULL, NULL, NULL),
	('ff9c8cfc-4f0f-4911-a8b1-1afa8a7776e0', 89, '57190679-a1fe-4d68-b479-4cd740ac9f61', '2026-01-05', NULL, NULL, NULL, 'active', '2026-01-05 14:59:03.242308+00', '2026-01-05 14:59:03.242308+00', '12:00:00', NULL, NULL, NULL),
	('1493d5ed-6961-4850-b3d9-0947dbbd70a6', 90, '57190679-a1fe-4d68-b479-4cd740ac9f61', '2026-01-05', NULL, NULL, NULL, 'active', '2026-01-05 16:20:25.178594+00', '2026-01-05 16:20:25.178594+00', '12:00:00', NULL, NULL, NULL),
	('6f33a351-f7ee-4098-b850-37ec75bc826c', 91, '9e0b55fb-8929-471a-a660-3f15b8642208', '2026-01-05', NULL, NULL, 'איסוף בבוקר', 'active', '2026-01-05 16:20:52.506782+00', '2026-01-05 16:20:52.506782+00', '10:00:00', NULL, NULL, NULL),
	('3438d469-9383-43ff-af61-c35cd6df23b4', 92, '57190679-a1fe-4d68-b479-4cd740ac9f61', '2026-01-05', NULL, NULL, NULL, 'active', '2026-01-05 16:20:52.509214+00', '2026-01-05 16:20:52.509214+00', '12:00:00', NULL, NULL, NULL),
	('f140399a-5199-4b4d-9ee9-5f69ac912f28', 93, '57190679-a1fe-4d68-b479-4cd740ac9f61', '2026-01-05', NULL, NULL, NULL, 'active', '2026-01-05 16:20:53.40415+00', '2026-01-05 16:20:53.40415+00', '12:00:00', NULL, NULL, NULL),
	('acade35b-2daf-43e7-a04a-3cc3b958ef25', 94, '57190679-a1fe-4d68-b479-4cd740ac9f61', '2026-01-05', NULL, NULL, NULL, 'active', '2026-01-05 16:21:07.90128+00', '2026-01-05 16:21:07.90128+00', '12:00:00', NULL, NULL, NULL),
	('48b70075-cc00-4b44-8dd4-dbe94e48e0dc', 95, '57190679-a1fe-4d68-b479-4cd740ac9f61', '2026-01-05', NULL, NULL, NULL, 'active', '2026-01-05 16:21:08.653436+00', '2026-01-05 16:21:08.653436+00', '12:00:00', NULL, NULL, NULL),
	('6cad71a4-8c09-45eb-b34b-40016001d7fd', 96, '57190679-a1fe-4d68-b479-4cd740ac9f61', '2026-01-05', NULL, NULL, NULL, 'active', '2026-01-05 16:21:09.338173+00', '2026-01-05 16:21:09.338173+00', '12:00:00', NULL, NULL, NULL),
	('e1b4df00-965c-49e7-b4cf-d2c1f72444c1', 97, '57190679-a1fe-4d68-b479-4cd740ac9f61', '2026-01-05', NULL, NULL, NULL, 'active', '2026-01-05 16:25:53.545937+00', '2026-01-05 16:25:53.545937+00', '12:00:00', NULL, NULL, NULL),
	('d89c35ba-303d-475b-9bc0-12f0a2f1fae0', 98, '9e0b55fb-8929-471a-a660-3f15b8642208', '2026-01-05', NULL, NULL, 'איסוף בבוקר', 'active', '2026-01-05 16:26:58.3363+00', '2026-01-05 16:26:58.3363+00', '10:00:00', NULL, NULL, NULL),
	('ad355772-db14-4354-9f5c-3f9ab555d71b', 99, '57190679-a1fe-4d68-b479-4cd740ac9f61', '2026-01-05', NULL, NULL, NULL, 'active', '2026-01-05 16:26:58.509921+00', '2026-01-05 16:26:58.509921+00', '12:00:00', NULL, NULL, NULL),
	('79652729-5052-464f-81fe-d4ce2c7699c1', 100, '57190679-a1fe-4d68-b479-4cd740ac9f61', '2026-01-05', NULL, NULL, NULL, 'active', '2026-01-05 16:26:59.122774+00', '2026-01-05 16:26:59.122774+00', '12:00:00', NULL, NULL, NULL),
	('dc234f01-ef7d-4bbf-a1cf-b78e14939c13', 101, '57190679-a1fe-4d68-b479-4cd740ac9f61', '2026-01-05', NULL, NULL, NULL, 'active', '2026-01-05 16:26:59.472623+00', '2026-01-05 16:26:59.472623+00', '12:00:00', NULL, NULL, NULL),
	('ea8249a0-e29f-4ca7-8cfa-8e75ba9ff60c', 102, '57190679-a1fe-4d68-b479-4cd740ac9f61', '2026-01-05', NULL, NULL, NULL, 'active', '2026-01-05 16:27:08.672513+00', '2026-01-05 16:27:08.672513+00', '12:00:00', NULL, NULL, NULL),
	('809de6eb-a0c5-4c64-ba0f-08a59a91a6c7', 103, '57190679-a1fe-4d68-b479-4cd740ac9f61', '2026-01-05', NULL, NULL, NULL, 'active', '2026-01-05 16:27:12.419902+00', '2026-01-05 16:27:12.419902+00', '12:00:00', NULL, NULL, NULL),
	('17f0d188-704b-4878-abfd-591d91177895', 104, '57190679-a1fe-4d68-b479-4cd740ac9f61', '2026-01-05', NULL, NULL, NULL, 'active', '2026-01-05 16:27:14.317584+00', '2026-01-05 16:27:14.317584+00', '12:00:00', NULL, NULL, NULL),
	('e80ccdf2-2aa2-4d8c-b1c6-0d980b268054', 105, '9e0b55fb-8929-471a-a660-3f15b8642208', '2026-01-05', NULL, NULL, 'איסוף בבוקר', 'active', '2026-01-05 16:35:07.971723+00', '2026-01-05 16:35:07.971723+00', '10:00:00', NULL, NULL, NULL),
	('4d2861d9-6d52-4cca-8604-69fc957e7e1d', 106, '57190679-a1fe-4d68-b479-4cd740ac9f61', '2026-01-05', NULL, NULL, NULL, 'active', '2026-01-05 16:35:07.972271+00', '2026-01-05 16:35:07.972271+00', '12:00:00', NULL, NULL, NULL),
	('177a5b70-d0a7-4f68-bcaf-96b097e0f424', 107, '57190679-a1fe-4d68-b479-4cd740ac9f61', '2026-01-05', NULL, NULL, NULL, 'active', '2026-01-05 16:35:08.729332+00', '2026-01-05 16:35:08.729332+00', '12:00:00', NULL, NULL, NULL),
	('5b098c0b-1215-4ad9-998f-eb61e28c6f2a', 108, '57190679-a1fe-4d68-b479-4cd740ac9f61', '2026-01-05', NULL, NULL, NULL, 'active', '2026-01-05 16:35:08.801336+00', '2026-01-05 16:35:08.801336+00', '12:00:00', NULL, NULL, NULL),
	('d1a1eeed-3f3d-44ae-bb6a-62c4d642c271', 109, '57190679-a1fe-4d68-b479-4cd740ac9f61', '2026-01-05', NULL, NULL, NULL, 'active', '2026-01-05 16:35:16.304647+00', '2026-01-05 16:35:16.304647+00', '12:00:00', NULL, NULL, NULL),
	('b1121661-e292-4f6e-938b-78f4b55b7ade', 110, '57190679-a1fe-4d68-b479-4cd740ac9f61', '2026-01-05', NULL, NULL, NULL, 'active', '2026-01-05 16:35:17.640427+00', '2026-01-05 16:35:17.640427+00', '12:00:00', NULL, NULL, NULL),
	('903ffab0-e6c0-4d5f-8c28-b51100828c1f', 111, '57190679-a1fe-4d68-b479-4cd740ac9f61', '2026-01-05', NULL, NULL, NULL, 'active', '2026-01-05 16:35:23.105332+00', '2026-01-05 16:35:23.105332+00', '12:00:00', NULL, NULL, NULL),
	('18e59d70-eebd-4f66-9129-3ade5bd51a31', 112, '57190679-a1fe-4d68-b479-4cd740ac9f61', '2026-01-05', NULL, NULL, NULL, 'active', '2026-01-05 16:35:24.833499+00', '2026-01-05 16:35:24.833499+00', '12:00:00', NULL, NULL, NULL),
	('04fca605-da79-4255-a096-21620660d400', 113, '9e0b55fb-8929-471a-a660-3f15b8642208', '2026-01-05', NULL, NULL, 'איסוף בבוקר', 'active', '2026-01-05 16:35:25.995744+00', '2026-01-05 16:35:25.995744+00', '10:00:00', NULL, NULL, NULL),
	('e53eb052-525c-41e2-8f06-0f0a3331b22a', 114, '57190679-a1fe-4d68-b479-4cd740ac9f61', '2026-01-05', NULL, NULL, NULL, 'active', '2026-01-05 16:35:32.30716+00', '2026-01-05 16:35:32.30716+00', '12:00:00', NULL, NULL, NULL),
	('6a313c18-2a38-4417-86ec-a36601ec50fb', 115, '57190679-a1fe-4d68-b479-4cd740ac9f61', '2026-01-05', NULL, NULL, NULL, 'active', '2026-01-05 16:35:33.250549+00', '2026-01-05 16:35:33.250549+00', '12:00:00', NULL, NULL, NULL),
	('5e139e94-29a0-4609-addc-a8d886a36958', 116, '57190679-a1fe-4d68-b479-4cd740ac9f61', '2026-01-05', NULL, NULL, NULL, 'active', '2026-01-05 16:35:39.394975+00', '2026-01-05 16:35:39.394975+00', '12:00:00', NULL, NULL, NULL),
	('f5ee7393-a747-43d4-a3a7-c7a07806d719', 117, '57190679-a1fe-4d68-b479-4cd740ac9f61', '2026-01-05', NULL, NULL, NULL, 'active', '2026-01-05 16:35:39.894295+00', '2026-01-05 16:35:39.894295+00', '12:00:00', NULL, NULL, NULL),
	('faed9696-48f1-453f-b133-4e67b19bb71b', 118, '57190679-a1fe-4d68-b479-4cd740ac9f61', '2026-01-05', NULL, NULL, NULL, 'active', '2026-01-05 16:35:46.327308+00', '2026-01-05 16:35:46.327308+00', '12:00:00', NULL, NULL, NULL),
	('bdd96ad0-e20d-4ff5-b7c6-10f1fef8b3a4', 119, '28e376eb-6ed0-4041-abd1-e3217d07e0fc', '2026-01-05', '12:00:00', 'ראשון החשמונים 13', 'לצלצל בפעמון ', 'active', '2026-01-05 18:33:48.787796+00', '2026-01-05 18:33:48.787796+00', '15:00:00', NULL, NULL, NULL),
	('7724a925-f073-4b8f-a0bd-4ad9ad4b4280', 120, '28e376eb-6ed0-4041-abd1-e3217d07e0fc', '2026-01-05', '12:00:00', 'ראשון החשמונים 13', 'לצלצל בפעמון ', 'active', '2026-01-05 18:34:28.454935+00', '2026-01-05 18:34:28.454935+00', '15:00:00', 30, 45.00, 200.00),
	('40ddbf09-3f31-4e5f-9bfa-c46ad1b0ab0b', 121, '28e376eb-6ed0-4041-abd1-e3217d07e0fc', '2026-01-05', '12:00:00', 'ראשון החשמונים 13', 'לצלצל בפעמון ', 'active', '2026-01-05 18:35:10.877278+00', '2026-01-05 18:35:10.877278+00', '15:00:00', 30, 45.00, 200.00),
	('edc08fec-061e-4165-a255-7bc649ac088e', 122, '28e376eb-6ed0-4041-abd1-e3217d07e0fc', '2026-01-05', '12:00:00', 'ראשון החשמונים 13', 'לצלצל בפעמון ', 'active', '2026-01-05 18:35:16.179625+00', '2026-01-05 18:35:16.179625+00', '15:00:00', 30, 45.00, 200.00),
	('925cd596-2761-4ab9-9983-89f5839b0a67', 123, '69d8b106-18cc-45c9-9077-b976b0824fc5', '2026-01-05', '12:00:00', 'ראשון החשמונים 11', 'לצלצל בפעמון ', 'active', '2026-01-05 18:36:02.025563+00', '2026-01-05 18:36:02.025563+00', '15:00:00', 30, 45.00, 200.00),
	('2cf7cd0e-f1d0-4e38-a2f3-acc3d107ac68', 124, 'b17cb054-dc55-4b69-8459-d2f46e40cd08', '2026-01-15', NULL, 'adress 121212', 'tst hearot', 'active', '2026-01-06 20:07:29.448955+00', '2026-01-06 20:07:29.448955+00', '13:08:00', 12, 14.00, 13.00);


--
-- Data for Name: extra_order_items; Type: TABLE DATA; Schema: public; Owner: postgres
--

INSERT INTO "public"."extra_order_items" ("id", "order_id", "source_food_item_id", "source_category", "name", "quantity", "size_big", "size_small", "price", "note", "preparation_name", "created_at") VALUES
	('daff169d-03ef-43ad-a12b-ec1993d7a841', '177b420c-ccaa-4adb-ba9d-138fb15222b2', 'aa696d74-7d47-484c-98f0-bcc4810f7cad', 'mains', 'פרגיות', 50, 0, 0, 250.00, NULL, 'מיני', '2026-01-01 20:42:35.912479+00'),
	('cb07864b-f4f4-404b-86c9-19489c26ccb4', '177b420c-ccaa-4adb-ba9d-138fb15222b2', 'eb8b168d-295d-4cdc-991a-2519be737fe6', 'mains', 'קציצות', 50, 0, 0, 200.00, NULL, NULL, '2026-01-01 20:42:36.176411+00'),
	('f80654ef-b8e2-4165-bc72-f83664d17ce2', '177b420c-ccaa-4adb-ba9d-138fb15222b2', '636e4d1a-c835-4d8f-8593-b79bace0741f', 'mains', 'בשר ברוטב', 50, 0, 0, 150.00, NULL, NULL, '2026-01-01 20:42:36.433464+00'),
	('b7f44d53-ae57-40a0-bcb6-03c384d1f98c', '996f167d-4f48-4e67-8832-2b9e3d011939', '636e4d1a-c835-4d8f-8593-b79bace0741f', 'mains', 'בשר ברוטב', 10, 0, 0, 170.00, NULL, NULL, '2026-01-04 09:39:36.628454+00'),
	('39e6fd6a-5fc6-4bbd-9f87-60825e0cdd62', '2226d18c-6e5d-49fd-8f0a-25d52edb1c06', 'b6403653-637b-44bc-867f-a0e71a052ef2', 'mains', 'שניצל מטוגן', 5, 0, 0, 90.00, NULL, 'חי', '2026-01-04 09:41:27.096205+00'),
	('54bf6440-ef45-4691-b586-b3c5f75856e0', 'f0532588-f657-40a9-902a-dee1df986c93', '9690a702-c1d7-457f-a881-39ace7b39d1a', 'mains', 'לשון ברוטב', 20, 0, 0, 250.00, NULL, NULL, '2026-01-04 09:43:08.983143+00'),
	('7296a213-336a-43db-a53e-0b2b1c889c80', '0b9b3548-6c4d-4285-ba83-733b4b36336d', '636e4d1a-c835-4d8f-8593-b79bace0741f', 'mains', 'בשר ברוטב', 20, 0, 0, 250.00, NULL, NULL, '2026-01-04 10:00:53.049024+00'),
	('7975f35e-6b8b-4e88-ba7a-c5634724c52e', '0b9b3548-6c4d-4285-ba83-733b4b36336d', 'eb8b168d-295d-4cdc-991a-2519be737fe6', 'mains', 'קציצות', 10, 0, 0, 205.00, NULL, NULL, '2026-01-04 10:00:53.337469+00'),
	('af9008d0-4e21-4997-af54-d7a83818939b', '0b9b3548-6c4d-4285-ba83-733b4b36336d', '6f20fc64-6fd5-4477-8dbd-f639f21f3e67', 'mains', 'חציי שניצל', 5, 0, 0, 40.00, NULL, NULL, '2026-01-04 10:00:53.594085+00'),
	('ae19bfd6-ebea-44eb-80b9-cbfcda5736d4', '7724a925-f073-4b8f-a0bd-4ad9ad4b4280', '850113d1-cfc1-4919-9c22-0a89776c3386', 'mains', 'בשר מספר 6', 10, 0, 0, 250.00, NULL, NULL, '2026-01-05 18:34:29.077475+00'),
	('5d292d27-6c3f-4725-8a49-1710b0f2c160', '40ddbf09-3f31-4e5f-9bfa-c46ad1b0ab0b', '850113d1-cfc1-4919-9c22-0a89776c3386', 'mains', 'בשר מספר 6', 10, 0, 0, 250.00, NULL, NULL, '2026-01-05 18:35:11.578941+00'),
	('f5d5db03-1291-4fee-ac55-23dce89d440e', 'edc08fec-061e-4165-a255-7bc649ac088e', '850113d1-cfc1-4919-9c22-0a89776c3386', 'mains', 'בשר מספר 6', 10, 0, 0, 250.00, NULL, NULL, '2026-01-05 18:35:16.854538+00'),
	('a2d81fe1-fd89-4dec-8a0c-23d3bdf1a123', '925cd596-2761-4ab9-9983-89f5839b0a67', '850113d1-cfc1-4919-9c22-0a89776c3386', 'mains', 'בשר מספר 6', 10, 0, 0, 250.00, NULL, NULL, '2026-01-05 18:36:02.770055+00');


--
-- Data for Name: extra_order_item_variations; Type: TABLE DATA; Schema: public; Owner: postgres
--



--
-- Data for Name: food_item_add_ons; Type: TABLE DATA; Schema: public; Owner: postgres
--

INSERT INTO "public"."food_item_add_ons" ("id", "parent_food_item_id", "name", "measurement_type", "sort_order", "is_active", "created_at", "linked_food_item_id") VALUES
	('5b7e6238-1ace-42a0-90fe-124c76f671e2', 'a9b8070c-cc8c-435b-af53-a219965c4d4d', 'גזר מגורד', 'liters', 1, true, '2025-12-09 11:15:51.951786+00', NULL),
	('1980b5d5-f7ea-4e63-b19b-c09320d3796c', 'a9b8070c-cc8c-435b-af53-a219965c4d4d', 'מלפפון מגורד', 'liters', 2, true, '2025-12-09 11:16:04.731094+00', NULL),
	('ab52a8b9-5df0-4c82-bd70-55321249497f', '32ab6ecf-2f51-4cc3-a590-b9ec46c883cc', 'test tosefet', 'none', 1, true, '2025-12-10 10:44:20.319362+00', NULL),
	('d6a9621d-3b0e-4f8f-971d-149b7aba7876', '8636bcf3-ec90-4eb7-811b-b7cd3a1a2a5e', 'טחינה', 'liters', 1, true, '2025-12-30 11:18:02.956739+00', '2e72be5f-09a0-43a6-922e-a7e870c59cc1');


--
-- Data for Name: food_item_custom_liters; Type: TABLE DATA; Schema: public; Owner: postgres
--

INSERT INTO "public"."food_item_custom_liters" ("id", "food_item_id", "size", "label", "sort_order", "is_active", "created_at") VALUES
	('183688c7-1b05-43e2-b468-7e76cadacb37', '2e72be5f-09a0-43a6-922e-a7e870c59cc1', 2.0, 'z', 2, false, '2025-12-28 21:17:18.476711+00'),
	('edc06f83-08a0-4fc6-9f07-a15bd385b1dc', '2e72be5f-09a0-43a6-922e-a7e870c59cc1', 1.0, '1L', 1, true, '2025-12-28 21:14:43.189297+00');


--
-- Data for Name: food_item_preparations; Type: TABLE DATA; Schema: public; Owner: postgres
--

INSERT INTO "public"."food_item_preparations" ("id", "parent_food_item_id", "name", "sort_order", "is_active", "created_at") VALUES
	('a0522ec6-9b50-4dfc-9300-0d8bd32c70df', 'b6a50b14-c250-42d2-a7b0-3eb4f7b29fef', 'ירוק', 2, true, '2025-12-03 12:54:10.112033+00'),
	('de83d52d-8a7e-40c1-b89b-2319a7ead2ee', 'b6a50b14-c250-42d2-a7b0-3eb4f7b29fef', 'אדום', 1, true, '2025-12-03 12:53:56.094915+00'),
	('f149bad0-c90e-4338-bfc2-282f38a06671', 'b6a50b14-c250-42d2-a7b0-3eb4f7b29fef', 'לבנוני', 3, true, '2025-12-03 12:54:41.24107+00'),
	('80e91aac-67f7-440a-b9aa-4b20e83c948c', 'b6a50b14-c250-42d2-a7b0-3eb4f7b29fef', 'אושפלו', 4, true, '2025-12-03 12:54:47.283122+00'),
	('8df66924-f1d5-4dec-9b37-e4e1a75a4e8b', 'ea19e365-5910-4339-a8a0-9a58732c8c7b', 'אפוי', 1, true, '2025-12-03 15:40:56.65405+00'),
	('270a16cc-8a9b-4fe9-9f70-f48e470b90e0', 'ea19e365-5910-4339-a8a0-9a58732c8c7b', 'מדורה', 2, true, '2025-12-03 15:41:03.392194+00'),
	('e61b5067-fa1a-492c-be55-2a36db8853a4', '428f3bdc-b8d4-4002-8ad2-66fc7e14db4d', 'משהו', 1, true, '2025-12-07 17:28:48.970937+00'),
	('98a972a9-b1f4-41cc-9b33-3d4189eab136', '9ba98df4-f51d-4b1f-b512-15fc0595fed6', 'חי', 1, true, '2025-12-09 12:07:57.63752+00'),
	('6a538e9e-ab38-498e-b22a-6258df7caa68', '9ba98df4-f51d-4b1f-b512-15fc0595fed6', 'לא מצופה', 2, true, '2025-12-09 12:08:04.470676+00'),
	('b2320af9-1e57-4c40-a4dc-f21fb4d99ab0', 'b1a0c738-c9ae-426e-9483-8df258463d42', 'עשבי תיבול', 1, true, '2025-12-09 12:08:57.725861+00'),
	('f9bde6ea-ab1b-4f03-b391-db4d95011d67', 'b1a0c738-c9ae-426e-9483-8df258463d42', 'רוטב מזרחי', 2, true, '2025-12-09 12:09:07.550774+00'),
	('b908069e-fa30-478b-9b77-b7067844f33a', '90b462f0-e794-4efd-898b-0fdbee92e10b', 'עשבי תיבול', 1, true, '2025-12-09 12:10:25.313098+00'),
	('01003df3-48a2-44f4-873c-ffc2f02377cb', '90b462f0-e794-4efd-898b-0fdbee92e10b', 'ברוטב מזרחי', 2, true, '2025-12-09 12:10:32.951484+00'),
	('dcaf8162-a80e-4df6-88db-6bcc063756e6', 'c79f614e-fedd-4130-a8e2-558f6a218fbb', 'מדורה', 1, true, '2025-12-09 12:12:46.02769+00'),
	('a1f68b65-488d-4aa9-b47a-d06d43c0f33c', 'aa696d74-7d47-484c-98f0-bcc4810f7cad', 'קצר', 1, true, '2025-12-09 12:13:17.709338+00'),
	('c0c3f689-1af8-472c-8c77-317dc7033589', 'aa696d74-7d47-484c-98f0-bcc4810f7cad', 'חי', 2, true, '2025-12-09 12:13:23.089168+00'),
	('f4fa3e3d-687f-4635-9550-3f3d45c7cb91', 'aa696d74-7d47-484c-98f0-bcc4810f7cad', 'מיני', 3, true, '2025-12-09 12:13:33.787509+00'),
	('2c5e89ce-5ec5-448c-828b-bf966ff572f5', 'b6403653-637b-44bc-867f-a0e71a052ef2', 'חי', 1, true, '2025-12-09 12:13:53.635458+00'),
	('3755a054-7db7-4afe-955e-339ae043b75d', '50ce578f-09eb-4706-993b-ad5afcc45098', 'מיני', 1, true, '2025-12-09 12:15:09.939938+00'),
	('fce6596f-7ce6-4c5c-980a-02f138b7adae', 'e6cac754-36b4-4f84-800b-c13873383124', 'סלט 2', 1, false, '2025-12-07 15:49:34.023691+00'),
	('fb922fd8-1f88-4aa1-ae65-adebfb588c8a', 'e5be9ae5-6356-44b9-8504-923a7773229d', 'רוטב', 2, false, '2025-12-03 12:03:18.431071+00'),
	('a91d90b7-d31c-49d7-88b6-6e41c3ac346a', 'e5be9ae5-6356-44b9-8504-923a7773229d', 'עשבי תיבול', 1, false, '2025-12-03 12:02:58.792717+00');


--
-- Data for Name: food_item_variations; Type: TABLE DATA; Schema: public; Owner: postgres
--

INSERT INTO "public"."food_item_variations" ("id", "parent_food_item_id", "name", "sort_order", "is_active", "created_at") VALUES
	('62f8b2fc-884f-4bbb-885e-480b6cd4b5c7', 'b6a50b14-c250-42d2-a7b0-3eb4f7b29fef', 'לבן', 1, true, '2025-12-03 15:33:57.928429+00'),
	('7509b198-608b-4b24-a38a-88779754f759', 'b6a50b14-c250-42d2-a7b0-3eb4f7b29fef', 'ירוק', 2, true, '2025-12-03 15:33:57.928429+00'),
	('c8895fdf-10ab-4399-9033-207698befe7f', 'b6a50b14-c250-42d2-a7b0-3eb4f7b29fef', 'אשפלו', 3, true, '2025-12-03 15:33:57.928429+00'),
	('86e31c00-bc0b-4ddd-8d1c-d37a5115f050', 'b6a50b14-c250-42d2-a7b0-3eb4f7b29fef', 'אדום', 4, true, '2025-12-03 15:33:57.928429+00'),
	('09d59f49-b597-4bac-b8fa-d1d4b5f85ebd', 'b6a50b14-c250-42d2-a7b0-3eb4f7b29fef', 'לבנוני', 5, true, '2025-12-03 15:33:57.928429+00');


--
-- Data for Name: liter_sizes; Type: TABLE DATA; Schema: public; Owner: postgres
--

INSERT INTO "public"."liter_sizes" ("id", "size", "label", "sort_order", "created_at") VALUES
	('aaab4697-2193-46b1-9e06-71b6e8f11549', 4.5, '4.5L', 1, '2025-12-02 18:10:00.032428+00'),
	('edcd6cec-aba1-4658-bbeb-6b641f31ec7e', 3.0, '3L', 2, '2025-12-02 18:10:00.032428+00'),
	('618d9965-252b-4c12-ba32-c479e959a6c4', 2.5, '2.5L', 3, '2025-12-02 18:10:00.032428+00'),
	('1dd3da19-555e-4e6c-a943-5c6a995b73d9', 1.5, '1.5L', 4, '2025-12-02 18:10:00.032428+00');


--
-- Data for Name: order_items; Type: TABLE DATA; Schema: public; Owner: postgres
--

INSERT INTO "public"."order_items" ("id", "order_id", "food_item_id", "liter_size_id", "quantity", "created_at", "size_type", "preparation_id", "add_on_id", "parent_order_item_id", "variation_id", "item_note") VALUES
	('5dcb54e4-9754-4809-aae8-619decd747b7', 'b09deb0e-46fa-489c-b9b7-d8805a1e4301', '98a92763-e2e1-4b9f-b430-7a0aba96b0b1', 'edcd6cec-aba1-4658-bbeb-6b641f31ec7e', 2, '2025-12-02 18:32:29.819807+00', NULL, NULL, NULL, NULL, NULL, NULL),
	('c0ba7f6f-889b-4a5e-b88d-d8fbf680f460', '0d22d675-05b8-45f7-ad88-52a9de801438', '6e30d066-dc02-4fe4-9b03-ad3d8259e5bb', 'aaab4697-2193-46b1-9e06-71b6e8f11549', 2, '2025-12-02 19:04:23.095914+00', NULL, NULL, NULL, NULL, NULL, NULL),
	('499348dd-6639-4c9f-8503-54d22245fc41', '5f846d06-dbc4-4156-9bfe-77668235cd5f', '6e30d066-dc02-4fe4-9b03-ad3d8259e5bb', 'aaab4697-2193-46b1-9e06-71b6e8f11549', 4, '2025-12-02 19:05:48.990248+00', NULL, NULL, NULL, NULL, NULL, NULL),
	('da9e9619-3ddc-409d-b8e7-4f015dd0980c', '5f846d06-dbc4-4156-9bfe-77668235cd5f', '6e30d066-dc02-4fe4-9b03-ad3d8259e5bb', '618d9965-252b-4c12-ba32-c479e959a6c4', 1, '2025-12-02 19:05:48.990248+00', NULL, NULL, NULL, NULL, NULL, NULL),
	('d7fbd4fd-a6c5-4829-a780-8b8df901422a', '49ddaed8-8749-4cdf-9838-c503020ccdb3', '6e30d066-dc02-4fe4-9b03-ad3d8259e5bb', '618d9965-252b-4c12-ba32-c479e959a6c4', 2, '2025-12-10 21:11:14.272114+00', NULL, NULL, NULL, NULL, NULL, NULL),
	('1aba6cfa-8298-4a0b-8677-b7727b82176b', '49ddaed8-8749-4cdf-9838-c503020ccdb3', '8636bcf3-ec90-4eb7-811b-b7cd3a1a2a5e', '618d9965-252b-4c12-ba32-c479e959a6c4', 2, '2025-12-10 21:11:14.272114+00', NULL, NULL, NULL, NULL, NULL, NULL),
	('6aa472f4-55ad-4c8e-859e-0583d7c606f8', '49ddaed8-8749-4cdf-9838-c503020ccdb3', '98a92763-e2e1-4b9f-b430-7a0aba96b0b1', '618d9965-252b-4c12-ba32-c479e959a6c4', 2, '2025-12-10 21:11:14.272114+00', NULL, NULL, NULL, NULL, NULL, NULL),
	('a635e00c-efae-467d-bb18-5ccc0c889f3a', '49ddaed8-8749-4cdf-9838-c503020ccdb3', 'cf038ad4-c3ce-4412-b323-ee79d86f32eb', '618d9965-252b-4c12-ba32-c479e959a6c4', 2, '2025-12-10 21:11:14.272114+00', NULL, NULL, NULL, NULL, NULL, NULL),
	('117863ed-0947-48b2-8e86-2bd7c9fa824d', '49ddaed8-8749-4cdf-9838-c503020ccdb3', 'c63435bb-03ca-49d3-bd9d-b6224e64eab0', '618d9965-252b-4c12-ba32-c479e959a6c4', 2, '2025-12-10 21:11:14.272114+00', NULL, NULL, NULL, NULL, NULL, NULL),
	('17df3110-77d6-43c4-a5a5-2b4419824bdb', '49ddaed8-8749-4cdf-9838-c503020ccdb3', '16efee4e-7bc5-4ad3-9596-e2a8f91c2c78', '618d9965-252b-4c12-ba32-c479e959a6c4', 2, '2025-12-10 21:11:14.272114+00', NULL, NULL, NULL, NULL, NULL, NULL),
	('35aa629c-b613-4ab9-aae1-1ca68e589a09', '49ddaed8-8749-4cdf-9838-c503020ccdb3', 'c510a389-17d2-4b3b-8eb0-2b133e43a25b', '618d9965-252b-4c12-ba32-c479e959a6c4', 2, '2025-12-10 21:11:14.272114+00', NULL, NULL, NULL, NULL, NULL, NULL),
	('696e46f9-1900-47c2-a516-a08ff72ca5c3', '49ddaed8-8749-4cdf-9838-c503020ccdb3', 'ffbfc15d-2f5e-4214-82eb-16d8fd786812', '618d9965-252b-4c12-ba32-c479e959a6c4', 2, '2025-12-10 21:11:14.272114+00', NULL, NULL, NULL, NULL, NULL, NULL),
	('62245a5b-746c-4dfd-a306-16f596648a49', '49ddaed8-8749-4cdf-9838-c503020ccdb3', 'a9b8070c-cc8c-435b-af53-a219965c4d4d', NULL, 1, '2025-12-10 21:11:14.272114+00', 'big', NULL, NULL, NULL, NULL, NULL),
	('9cd4c940-0cfa-45d1-8572-c1aaf7b24dc9', '49ddaed8-8749-4cdf-9838-c503020ccdb3', 'a9b8070c-cc8c-435b-af53-a219965c4d4d', NULL, 1, '2025-12-10 21:11:14.272114+00', 'small', NULL, NULL, NULL, NULL, NULL),
	('b0ac4607-9f40-434e-8856-f1ea9bb3cb09', '49ddaed8-8749-4cdf-9838-c503020ccdb3', 'a9b8070c-cc8c-435b-af53-a219965c4d4d', '1dd3da19-555e-4e6c-a943-5c6a995b73d9', 1, '2025-12-10 21:11:14.272114+00', NULL, NULL, '5b7e6238-1ace-42a0-90fe-124c76f671e2', NULL, NULL, NULL),
	('caf4d75e-bb46-454b-8c40-8a791d7693cc', '49ddaed8-8749-4cdf-9838-c503020ccdb3', 'a9b8070c-cc8c-435b-af53-a219965c4d4d', '1dd3da19-555e-4e6c-a943-5c6a995b73d9', 1, '2025-12-10 21:11:14.272114+00', NULL, NULL, '1980b5d5-f7ea-4e63-b19b-c09320d3796c', NULL, NULL, NULL),
	('1f2f73b3-2aa0-4f25-a6a1-6ebb808c2870', '49ddaed8-8749-4cdf-9838-c503020ccdb3', '57443d6e-e70a-41a5-b69a-e7c7b590dbec', '618d9965-252b-4c12-ba32-c479e959a6c4', 2, '2025-12-10 21:11:14.272114+00', NULL, NULL, NULL, NULL, NULL, NULL),
	('a5231de6-a5bc-4a47-bb5b-5c00fd2a5190', '0580d830-81e2-47cb-839c-7750896ff072', 'cf038ad4-c3ce-4412-b323-ee79d86f32eb', 'aaab4697-2193-46b1-9e06-71b6e8f11549', 1, '2025-12-03 15:55:39.420067+00', NULL, NULL, NULL, NULL, NULL, NULL),
	('910fd79b-aa58-4779-ac61-d1e56fe2e327', '0580d830-81e2-47cb-839c-7750896ff072', 'cf038ad4-c3ce-4412-b323-ee79d86f32eb', 'edcd6cec-aba1-4658-bbeb-6b641f31ec7e', 1, '2025-12-03 15:55:39.420067+00', NULL, NULL, NULL, NULL, NULL, NULL),
	('947ed46c-1121-4dc5-b65f-0a6b655e3ea9', 'e847215a-220d-4e3a-a643-9c1613f4d165', 'a9b8070c-cc8c-435b-af53-a219965c4d4d', NULL, 1, '2025-12-08 13:15:48.25614+00', 'big', NULL, NULL, NULL, NULL, NULL),
	('5f7e3f4d-f25d-46b3-8920-7797e30f5736', 'e847215a-220d-4e3a-a643-9c1613f4d165', '16089e82-1eeb-4c2f-99cb-e99ec68b3a0d', NULL, 5, '2025-12-08 13:15:48.25614+00', NULL, NULL, NULL, NULL, NULL, NULL),
	('e53081d3-5162-4a66-bd25-bce29c883299', '643b8ec4-6170-4ef7-9d1c-28a5bc67717f', 'cf038ad4-c3ce-4412-b323-ee79d86f32eb', 'aaab4697-2193-46b1-9e06-71b6e8f11549', 1, '2025-12-03 16:15:42.333656+00', NULL, NULL, NULL, NULL, NULL, NULL),
	('3d39f439-4843-455b-b608-1daeda6ad940', '643b8ec4-6170-4ef7-9d1c-28a5bc67717f', 'cf038ad4-c3ce-4412-b323-ee79d86f32eb', 'edcd6cec-aba1-4658-bbeb-6b641f31ec7e', 1, '2025-12-03 16:15:42.333656+00', NULL, NULL, NULL, NULL, NULL, NULL),
	('f9635e35-c2f9-45ac-96a7-5d0d90b7a832', '643b8ec4-6170-4ef7-9d1c-28a5bc67717f', 'a9b8070c-cc8c-435b-af53-a219965c4d4d', NULL, 1, '2025-12-03 16:15:42.333656+00', 'big', NULL, NULL, NULL, NULL, NULL),
	('d601c411-5534-41ca-ae6a-12b86efa2cc1', 'c1d320e9-f063-4e1e-a83f-df5b1cee77d2', 'cf038ad4-c3ce-4412-b323-ee79d86f32eb', 'aaab4697-2193-46b1-9e06-71b6e8f11549', 1, '2025-12-03 16:16:46.694118+00', NULL, NULL, NULL, NULL, NULL, NULL),
	('5a150dad-894b-4eb9-9065-6ea086d039c5', 'c1d320e9-f063-4e1e-a83f-df5b1cee77d2', 'cf038ad4-c3ce-4412-b323-ee79d86f32eb', 'edcd6cec-aba1-4658-bbeb-6b641f31ec7e', 1, '2025-12-03 16:16:46.694118+00', NULL, NULL, NULL, NULL, NULL, NULL),
	('1b499568-2156-4fe1-96bc-e904d1ec5644', 'c1d320e9-f063-4e1e-a83f-df5b1cee77d2', '856dce30-25f1-4a09-9361-622c4d81365e', 'aaab4697-2193-46b1-9e06-71b6e8f11549', 1, '2025-12-03 16:16:46.694118+00', NULL, NULL, NULL, NULL, NULL, NULL),
	('b39c801d-37c0-4ddc-a873-4b1e3715af4d', 'c1d320e9-f063-4e1e-a83f-df5b1cee77d2', '856dce30-25f1-4a09-9361-622c4d81365e', '618d9965-252b-4c12-ba32-c479e959a6c4', 1, '2025-12-03 16:16:46.694118+00', NULL, NULL, NULL, NULL, NULL, NULL),
	('6dc8ceea-16df-4d19-a227-5eab5b8f198f', 'c1d320e9-f063-4e1e-a83f-df5b1cee77d2', 'a9b8070c-cc8c-435b-af53-a219965c4d4d', NULL, 1, '2025-12-03 16:16:46.694118+00', 'big', NULL, NULL, NULL, NULL, NULL),
	('22586176-3234-4190-a6a3-8442c82e2cf3', 'c1d320e9-f063-4e1e-a83f-df5b1cee77d2', '89ca3c56-407c-443d-92ec-ea929bc9342b', NULL, 10, '2025-12-03 16:16:46.694118+00', NULL, NULL, NULL, NULL, NULL, NULL),
	('7608ff47-fed9-447c-ab84-ef120cec438b', 'c1d320e9-f063-4e1e-a83f-df5b1cee77d2', '9ba98df4-f51d-4b1f-b512-15fc0595fed6', NULL, 5, '2025-12-03 16:16:46.694118+00', NULL, NULL, NULL, NULL, NULL, NULL),
	('6310c6e4-bdc5-43a9-a560-a2e1e3cff743', 'c1d320e9-f063-4e1e-a83f-df5b1cee77d2', 'b7f09930-b9e3-438c-9362-0a6cf9e33ac7', NULL, 10, '2025-12-03 16:16:46.694118+00', NULL, NULL, NULL, NULL, NULL, NULL),
	('782a9f17-2d03-474d-b6e0-acf3e5ec9323', 'c1d320e9-f063-4e1e-a83f-df5b1cee77d2', '71169a47-b8f7-4bbc-b2af-a81582edb94e', NULL, 5, '2025-12-03 16:16:46.694118+00', NULL, NULL, NULL, NULL, NULL, NULL),
	('4706682a-e5e2-40c5-976e-0d1b051a7e13', 'c1d320e9-f063-4e1e-a83f-df5b1cee77d2', 'f362281e-8f73-480c-bab3-dea2b252b395', NULL, 2, '2025-12-03 16:16:46.694118+00', 'big', NULL, NULL, NULL, NULL, NULL),
	('a20d6f32-808a-438e-99e9-675986a40898', 'c1d320e9-f063-4e1e-a83f-df5b1cee77d2', '4c76f00b-d315-4229-9a9c-37c1adf72f25', NULL, 2, '2025-12-03 16:16:46.694118+00', 'big', NULL, NULL, NULL, NULL, NULL),
	('e07f4cea-e042-4220-93d3-b9f508c93229', '4e006388-b563-4712-b091-374c467043c9', 'cf038ad4-c3ce-4412-b323-ee79d86f32eb', 'aaab4697-2193-46b1-9e06-71b6e8f11549', 1, '2025-12-03 16:17:21.29228+00', NULL, NULL, NULL, NULL, NULL, NULL),
	('b14ea50c-79d4-49a5-a722-f6ee8181b52d', '4e006388-b563-4712-b091-374c467043c9', 'cf038ad4-c3ce-4412-b323-ee79d86f32eb', 'edcd6cec-aba1-4658-bbeb-6b641f31ec7e', 1, '2025-12-03 16:17:21.29228+00', NULL, NULL, NULL, NULL, NULL, NULL),
	('91c26d0e-4c27-432f-8ea8-861c1dd5583c', '4e006388-b563-4712-b091-374c467043c9', '856dce30-25f1-4a09-9361-622c4d81365e', 'aaab4697-2193-46b1-9e06-71b6e8f11549', 1, '2025-12-03 16:17:21.29228+00', NULL, NULL, NULL, NULL, NULL, NULL),
	('2ed8262c-efed-4495-b6d9-6d996c2cef72', '4e006388-b563-4712-b091-374c467043c9', '856dce30-25f1-4a09-9361-622c4d81365e', '618d9965-252b-4c12-ba32-c479e959a6c4', 1, '2025-12-03 16:17:21.29228+00', NULL, NULL, NULL, NULL, NULL, NULL),
	('9b8ecedb-69fe-4853-845c-3520045be8fc', '4e006388-b563-4712-b091-374c467043c9', 'a9b8070c-cc8c-435b-af53-a219965c4d4d', NULL, 1, '2025-12-03 16:17:21.29228+00', 'big', NULL, NULL, NULL, NULL, NULL),
	('b6121bda-43c5-489c-9bc8-babec1f45533', '4e006388-b563-4712-b091-374c467043c9', '16089e82-1eeb-4c2f-99cb-e99ec68b3a0d', NULL, 5, '2025-12-03 16:17:21.29228+00', NULL, NULL, NULL, NULL, NULL, NULL),
	('e469fae3-e8da-41fe-baf3-9ae7b72fda70', '4e006388-b563-4712-b091-374c467043c9', '89ca3c56-407c-443d-92ec-ea929bc9342b', NULL, 10, '2025-12-03 16:17:21.29228+00', NULL, NULL, NULL, NULL, NULL, NULL),
	('71d132f8-5361-4c45-9f1f-fdb3452bcafb', '4e006388-b563-4712-b091-374c467043c9', '9ba98df4-f51d-4b1f-b512-15fc0595fed6', NULL, 5, '2025-12-03 16:17:21.29228+00', NULL, NULL, NULL, NULL, NULL, NULL),
	('80f981af-47a3-4f18-9bc1-895589f80d70', '4e006388-b563-4712-b091-374c467043c9', 'b7f09930-b9e3-438c-9362-0a6cf9e33ac7', NULL, 10, '2025-12-03 16:17:21.29228+00', NULL, NULL, NULL, NULL, NULL, NULL),
	('4dfd1200-8003-4874-bbb1-4f28f98b782d', '4e006388-b563-4712-b091-374c467043c9', '71169a47-b8f7-4bbc-b2af-a81582edb94e', NULL, 5, '2025-12-03 16:17:21.29228+00', NULL, NULL, NULL, NULL, NULL, NULL),
	('72541a59-6536-47fa-8e19-39886c68f979', '4e006388-b563-4712-b091-374c467043c9', 'f362281e-8f73-480c-bab3-dea2b252b395', NULL, 2, '2025-12-03 16:17:21.29228+00', 'big', NULL, NULL, NULL, NULL, NULL),
	('5a9b4793-8a9e-4a40-b315-0e9a8b08b3b8', '4e006388-b563-4712-b091-374c467043c9', '4c76f00b-d315-4229-9a9c-37c1adf72f25', NULL, 2, '2025-12-03 16:17:21.29228+00', 'big', NULL, NULL, NULL, NULL, NULL),
	('6a8d4a81-52eb-423e-b690-25f01207df18', '4e006388-b563-4712-b091-374c467043c9', 'ea19e365-5910-4339-a8a0-9a58732c8c7b', NULL, 1, '2025-12-03 16:17:21.29228+00', 'big', NULL, NULL, NULL, NULL, NULL),
	('4a4266d7-d3e4-44f5-b2c5-7cdf98fdbd7c', '4e006388-b563-4712-b091-374c467043c9', 'ea19e365-5910-4339-a8a0-9a58732c8c7b', NULL, 1, '2025-12-03 16:17:21.29228+00', 'small', NULL, NULL, NULL, NULL, NULL),
	('73439699-0062-4877-9160-bb0e280d3971', '417ab691-39ed-4e2c-814b-39ca37cfe961', 'cf038ad4-c3ce-4412-b323-ee79d86f32eb', 'aaab4697-2193-46b1-9e06-71b6e8f11549', 1, '2025-12-03 16:18:57.200744+00', NULL, NULL, NULL, NULL, NULL, NULL),
	('fec4fb97-12c0-442e-8f20-e3a3b70d9652', '417ab691-39ed-4e2c-814b-39ca37cfe961', 'cf038ad4-c3ce-4412-b323-ee79d86f32eb', 'edcd6cec-aba1-4658-bbeb-6b641f31ec7e', 1, '2025-12-03 16:18:57.200744+00', NULL, NULL, NULL, NULL, NULL, NULL),
	('87f7e134-7db7-4af0-8920-df95572c353e', '417ab691-39ed-4e2c-814b-39ca37cfe961', '856dce30-25f1-4a09-9361-622c4d81365e', 'aaab4697-2193-46b1-9e06-71b6e8f11549', 1, '2025-12-03 16:18:57.200744+00', NULL, NULL, NULL, NULL, NULL, NULL),
	('2e204b02-ebd1-40b4-9fc5-90910b9e2a6a', '417ab691-39ed-4e2c-814b-39ca37cfe961', '856dce30-25f1-4a09-9361-622c4d81365e', '618d9965-252b-4c12-ba32-c479e959a6c4', 1, '2025-12-03 16:18:57.200744+00', NULL, NULL, NULL, NULL, NULL, NULL),
	('47c8204c-9418-4b4f-85ab-ae0a3d21d7dd', '417ab691-39ed-4e2c-814b-39ca37cfe961', 'a9b8070c-cc8c-435b-af53-a219965c4d4d', NULL, 1, '2025-12-03 16:18:57.200744+00', 'big', NULL, NULL, NULL, NULL, NULL),
	('85a55b1a-c28b-4620-841f-43314e43f313', 'e847215a-220d-4e3a-a643-9c1613f4d165', 'e5be9ae5-6356-44b9-8504-923a7773229d', NULL, 5, '2025-12-08 13:15:48.25614+00', NULL, 'a91d90b7-d31c-49d7-88b6-6e41c3ac346a', NULL, NULL, NULL, NULL),
	('cbcf4b25-bbff-4703-a1e5-197e3b64f88b', 'e847215a-220d-4e3a-a643-9c1613f4d165', '6f20fc64-6fd5-4477-8dbd-f639f21f3e67', NULL, 5, '2025-12-08 13:15:48.25614+00', NULL, NULL, NULL, NULL, NULL, NULL),
	('95917b63-199f-4ac8-8ea9-a0539894c0e4', 'e847215a-220d-4e3a-a643-9c1613f4d165', 'eb8b168d-295d-4cdc-991a-2519be737fe6', NULL, 5, '2025-12-08 13:15:48.25614+00', NULL, NULL, NULL, NULL, NULL, NULL),
	('8e42814b-98f7-454b-89b2-a447840d37ed', 'e847215a-220d-4e3a-a643-9c1613f4d165', '2a0e724d-df23-4f6d-97fc-9b3fc4411978', NULL, 5, '2025-12-08 13:15:48.25614+00', NULL, NULL, NULL, NULL, NULL, NULL),
	('5a043e38-eb62-4919-8ec4-4b112d5355bb', 'e847215a-220d-4e3a-a643-9c1613f4d165', 'b6a50b14-c250-42d2-a7b0-3eb4f7b29fef', NULL, 1, '2025-12-08 13:15:48.25614+00', 'small', NULL, NULL, NULL, '62f8b2fc-884f-4bbb-885e-480b6cd4b5c7', NULL),
	('b5e80726-f202-4224-9403-7bf91b970b27', 'e847215a-220d-4e3a-a643-9c1613f4d165', 'b6a50b14-c250-42d2-a7b0-3eb4f7b29fef', NULL, 1, '2025-12-08 13:15:48.25614+00', 'small', NULL, NULL, NULL, '7509b198-608b-4b24-a38a-88779754f759', NULL),
	('49058e85-974a-4807-96a4-02b8809da63f', 'e847215a-220d-4e3a-a643-9c1613f4d165', 'a9b8070c-cc8c-435b-af53-a219965c4d4d', 'edcd6cec-aba1-4658-bbeb-6b641f31ec7e', 1, '2025-12-08 13:15:48.25614+00', NULL, NULL, NULL, NULL, NULL, NULL),
	('0d784ea6-1be5-476f-b062-fcc23664842d', '643b8ec4-6170-4ef7-9d1c-28a5bc67717f', 'a9b8070c-cc8c-435b-af53-a219965c4d4d', '1dd3da19-555e-4e6c-a943-5c6a995b73d9', 1, '2025-12-03 16:15:42.333656+00', NULL, NULL, NULL, NULL, NULL, NULL),
	('edb48a1b-fa73-47ae-b1e3-a5c159bdd546', 'c1d320e9-f063-4e1e-a83f-df5b1cee77d2', 'a9b8070c-cc8c-435b-af53-a219965c4d4d', '1dd3da19-555e-4e6c-a943-5c6a995b73d9', 1, '2025-12-03 16:16:46.694118+00', NULL, NULL, NULL, NULL, NULL, NULL),
	('b070a1a0-4201-49cd-815e-dd2b9b78002d', '4e006388-b563-4712-b091-374c467043c9', 'a9b8070c-cc8c-435b-af53-a219965c4d4d', '1dd3da19-555e-4e6c-a943-5c6a995b73d9', 1, '2025-12-03 16:17:21.29228+00', NULL, NULL, NULL, NULL, NULL, NULL),
	('6e7238d8-e001-49ed-8e0b-8a4b45fb1c98', 'e847215a-220d-4e3a-a643-9c1613f4d165', 'a9b8070c-cc8c-435b-af53-a219965c4d4d', 'edcd6cec-aba1-4658-bbeb-6b641f31ec7e', 1, '2025-12-08 13:15:48.25614+00', NULL, NULL, NULL, NULL, NULL, NULL),
	('3bed3fa1-1f65-4c66-a767-dcbde8cc74b8', '643b8ec4-6170-4ef7-9d1c-28a5bc67717f', 'a9b8070c-cc8c-435b-af53-a219965c4d4d', '1dd3da19-555e-4e6c-a943-5c6a995b73d9', 1, '2025-12-03 16:15:42.333656+00', NULL, NULL, NULL, NULL, NULL, NULL),
	('261186de-1457-4e29-b99e-2c547a5ae6f7', 'c1d320e9-f063-4e1e-a83f-df5b1cee77d2', 'a9b8070c-cc8c-435b-af53-a219965c4d4d', '1dd3da19-555e-4e6c-a943-5c6a995b73d9', 1, '2025-12-03 16:16:46.694118+00', NULL, NULL, NULL, NULL, NULL, NULL),
	('a6e061e4-ba6e-4abb-b1f1-4e018bf4a7d9', '4e006388-b563-4712-b091-374c467043c9', 'a9b8070c-cc8c-435b-af53-a219965c4d4d', '1dd3da19-555e-4e6c-a943-5c6a995b73d9', 1, '2025-12-03 16:17:21.29228+00', NULL, NULL, NULL, NULL, NULL, NULL),
	('13b7ee4c-b521-4a00-bf5f-531ce5955ce9', 'e847215a-220d-4e3a-a643-9c1613f4d165', '16089e82-1eeb-4c2f-99cb-e99ec68b3a0d', NULL, 1, '2025-12-08 13:15:48.25614+00', NULL, NULL, NULL, NULL, NULL, NULL),
	('0f00f53c-4bd4-454e-a85a-91a7b763b643', '4e006388-b563-4712-b091-374c467043c9', '16089e82-1eeb-4c2f-99cb-e99ec68b3a0d', NULL, 2, '2025-12-03 16:17:21.29228+00', NULL, NULL, NULL, NULL, NULL, NULL),
	('f3ad4ad8-6779-4378-bb50-3ab37a97148f', '4e006388-b563-4712-b091-374c467043c9', '16089e82-1eeb-4c2f-99cb-e99ec68b3a0d', NULL, 1, '2025-12-03 16:17:21.29228+00', NULL, NULL, NULL, NULL, NULL, NULL),
	('2bdf4902-33e2-48b8-a7fe-ef1fddd1425f', 'e847215a-220d-4e3a-a643-9c1613f4d165', '16089e82-1eeb-4c2f-99cb-e99ec68b3a0d', NULL, 1, '2025-12-08 13:15:48.25614+00', NULL, NULL, NULL, NULL, NULL, NULL),
	('69acd4b7-fc7c-4578-8a0f-330017a2b472', '49ddaed8-8749-4cdf-9838-c503020ccdb3', '89ca3c56-407c-443d-92ec-ea929bc9342b', NULL, 5, '2025-12-10 21:11:14.272114+00', NULL, NULL, NULL, NULL, NULL, NULL),
	('1c613ca8-4bcc-43d1-8f1d-99babb133193', '49ddaed8-8749-4cdf-9838-c503020ccdb3', 'b483a633-4813-4c6b-8e0c-d8fc0e5775d2', NULL, 5, '2025-12-10 21:11:14.272114+00', NULL, NULL, NULL, NULL, NULL, NULL),
	('764ff65d-7981-47bd-9165-131ffcd32031', '417ab691-39ed-4e2c-814b-39ca37cfe961', '16089e82-1eeb-4c2f-99cb-e99ec68b3a0d', NULL, 5, '2025-12-03 16:18:57.200744+00', NULL, NULL, NULL, NULL, NULL, NULL),
	('552c5581-d950-48bc-befe-69ec4daeb52c', '49ddaed8-8749-4cdf-9838-c503020ccdb3', '6f20fc64-6fd5-4477-8dbd-f639f21f3e67', NULL, 20, '2025-12-10 21:11:14.272114+00', NULL, NULL, NULL, NULL, NULL, NULL),
	('8d7348e3-63de-40b9-b5a3-6faba7a761ce', '49ddaed8-8749-4cdf-9838-c503020ccdb3', 'eb8b168d-295d-4cdc-991a-2519be737fe6', NULL, 20, '2025-12-10 21:11:14.272114+00', NULL, NULL, NULL, NULL, NULL, 'להוסיף חריף'),
	('34af5bb6-aaee-4657-a421-0c4d9d0b6f87', '417ab691-39ed-4e2c-814b-39ca37cfe961', '89ca3c56-407c-443d-92ec-ea929bc9342b', NULL, 10, '2025-12-03 16:18:57.200744+00', NULL, NULL, NULL, NULL, NULL, NULL),
	('a6531f58-1906-4054-b214-1b75593aedc7', '417ab691-39ed-4e2c-814b-39ca37cfe961', '3a4aaf6f-3927-43ce-b770-feefba8586aa', NULL, 5, '2025-12-03 16:18:57.200744+00', NULL, NULL, NULL, NULL, NULL, NULL),
	('886cb4f8-4e65-4b38-954c-5b49a11e57f9', '417ab691-39ed-4e2c-814b-39ca37cfe961', '9ba98df4-f51d-4b1f-b512-15fc0595fed6', NULL, 5, '2025-12-03 16:18:57.200744+00', NULL, NULL, NULL, NULL, NULL, NULL),
	('5739879a-8e2f-4c2f-a0a4-7de87abea874', '417ab691-39ed-4e2c-814b-39ca37cfe961', 'b7f09930-b9e3-438c-9362-0a6cf9e33ac7', NULL, 10, '2025-12-03 16:18:57.200744+00', NULL, NULL, NULL, NULL, NULL, NULL),
	('019d6fb3-b8e8-48b8-9615-5d9b189b04fa', '417ab691-39ed-4e2c-814b-39ca37cfe961', '71169a47-b8f7-4bbc-b2af-a81582edb94e', NULL, 5, '2025-12-03 16:18:57.200744+00', NULL, NULL, NULL, NULL, NULL, NULL),
	('86ce0dc5-452e-4bca-bf73-e35d0a83fd03', '417ab691-39ed-4e2c-814b-39ca37cfe961', 'b6a50b14-c250-42d2-a7b0-3eb4f7b29fef', NULL, 1, '2025-12-03 16:18:57.200744+00', 'big', NULL, NULL, NULL, '62f8b2fc-884f-4bbb-885e-480b6cd4b5c7', NULL),
	('7e22a926-02dc-4c88-9e3a-5e5926a74bc8', '417ab691-39ed-4e2c-814b-39ca37cfe961', 'b6a50b14-c250-42d2-a7b0-3eb4f7b29fef', NULL, 1, '2025-12-03 16:18:57.200744+00', 'small', NULL, NULL, NULL, '7509b198-608b-4b24-a38a-88779754f759', NULL),
	('4f0ad040-2dc2-4675-bb4c-297f83865129', '417ab691-39ed-4e2c-814b-39ca37cfe961', 'b6a50b14-c250-42d2-a7b0-3eb4f7b29fef', NULL, 1, '2025-12-03 16:18:57.200744+00', 'small', NULL, NULL, NULL, 'c8895fdf-10ab-4399-9033-207698befe7f', NULL),
	('58f2d7f6-12b1-4764-81f7-0342ff2359de', '417ab691-39ed-4e2c-814b-39ca37cfe961', 'b6a50b14-c250-42d2-a7b0-3eb4f7b29fef', NULL, 2, '2025-12-03 16:18:57.200744+00', 'big', NULL, NULL, NULL, '86e31c00-bc0b-4ddd-8d1c-d37a5115f050', NULL),
	('f813b58b-8543-4465-a2ec-fd5f292e6f9a', '417ab691-39ed-4e2c-814b-39ca37cfe961', 'f362281e-8f73-480c-bab3-dea2b252b395', NULL, 2, '2025-12-03 16:18:57.200744+00', 'big', NULL, NULL, NULL, NULL, NULL),
	('d39cb7f0-88e0-450d-b32c-618b34922ae7', '417ab691-39ed-4e2c-814b-39ca37cfe961', '4c76f00b-d315-4229-9a9c-37c1adf72f25', NULL, 2, '2025-12-03 16:18:57.200744+00', 'big', NULL, NULL, NULL, NULL, NULL),
	('16555eff-2fa4-423b-9533-79e6af36f301', '417ab691-39ed-4e2c-814b-39ca37cfe961', 'ea19e365-5910-4339-a8a0-9a58732c8c7b', NULL, 1, '2025-12-03 16:18:57.200744+00', 'big', NULL, NULL, NULL, NULL, NULL),
	('4a47f717-33fc-412c-a9f7-a420d4f8ca7a', '417ab691-39ed-4e2c-814b-39ca37cfe961', 'ea19e365-5910-4339-a8a0-9a58732c8c7b', NULL, 1, '2025-12-03 16:18:57.200744+00', 'small', NULL, NULL, NULL, NULL, NULL),
	('c0562afe-719a-4c8a-a4d9-b9c9edaebb32', '493072ba-413c-4241-bdd3-0a77ad476ded', 'd783e05c-d720-430b-b09b-7c684f040575', 'edcd6cec-aba1-4658-bbeb-6b641f31ec7e', 1, '2025-12-03 17:35:41.491038+00', NULL, NULL, NULL, NULL, NULL, NULL),
	('88f74bbf-537c-4400-9c3f-8aaae2b720f8', '493072ba-413c-4241-bdd3-0a77ad476ded', 'ed62cf1e-c1ca-41cd-bb04-abf56d2df379', NULL, 2, '2025-12-03 17:35:41.491038+00', NULL, NULL, NULL, NULL, NULL, NULL),
	('f26d2a37-03b2-4886-a49c-a715f940e507', '493072ba-413c-4241-bdd3-0a77ad476ded', 'b483a633-4813-4c6b-8e0c-d8fc0e5775d2', NULL, 4, '2025-12-03 17:35:41.491038+00', NULL, NULL, NULL, NULL, NULL, NULL),
	('eb152343-e885-4bfb-911d-41be9f9c6280', '493072ba-413c-4241-bdd3-0a77ad476ded', '68269b06-118a-42bd-a395-bdace0708b22', NULL, 10, '2025-12-03 17:35:41.491038+00', NULL, NULL, NULL, NULL, NULL, NULL),
	('9b461856-6795-456d-92dd-b11812f7d365', '493072ba-413c-4241-bdd3-0a77ad476ded', 'f362281e-8f73-480c-bab3-dea2b252b395', NULL, 2, '2025-12-03 17:35:41.491038+00', 'big', NULL, NULL, NULL, NULL, NULL),
	('bdbf7d3a-b43d-45ad-a306-520874ea26da', '493072ba-413c-4241-bdd3-0a77ad476ded', 'a2c2b0e6-165f-49fa-8c38-ffc96f393fd8', NULL, 1, '2025-12-03 17:35:41.491038+00', 'big', NULL, NULL, NULL, NULL, NULL),
	('9b843ca5-eb4e-4b3b-8524-41ccd1ebc53c', '493072ba-413c-4241-bdd3-0a77ad476ded', 'a2c2b0e6-165f-49fa-8c38-ffc96f393fd8', NULL, 2, '2025-12-03 17:35:41.491038+00', 'small', NULL, NULL, NULL, NULL, NULL),
	('37a20b03-b770-486c-a438-d1471892bdda', '2e2ee4bc-8f99-4707-a9bb-803d760b9744', 'ae17c124-086d-4d7c-8bfc-5c0f2d4668ab', 'edcd6cec-aba1-4658-bbeb-6b641f31ec7e', 1, '2025-12-03 17:42:32.086286+00', NULL, NULL, NULL, NULL, NULL, NULL),
	('a4a3a072-5f95-42ae-9771-5bf9724005a4', '2e2ee4bc-8f99-4707-a9bb-803d760b9744', 'd2089c5f-84ad-4240-ab26-e8a60b0c2883', NULL, 1, '2025-12-03 17:42:32.086286+00', 'small', NULL, NULL, NULL, NULL, NULL),
	('de07b1d3-f0a4-496b-8bd7-e3f9f3edf28e', '2e2ee4bc-8f99-4707-a9bb-803d760b9744', 'a9b8070c-cc8c-435b-af53-a219965c4d4d', NULL, 1, '2025-12-03 17:42:32.086286+00', 'big', NULL, NULL, NULL, NULL, 'לא לשים חריף'),
	('646eb2af-a75f-4610-a840-111ded91aacf', '49ddaed8-8749-4cdf-9838-c503020ccdb3', '9690a702-c1d7-457f-a881-39ace7b39d1a', NULL, 20, '2025-12-10 21:11:14.272114+00', NULL, NULL, NULL, NULL, NULL, 'רוטב פקנטי'),
	('acbf9f1d-c5fa-4474-a534-39d9f184cc02', '49ddaed8-8749-4cdf-9838-c503020ccdb3', '74208092-3737-4e08-be3c-000618e799f4', NULL, 10, '2025-12-10 21:11:14.272114+00', NULL, NULL, NULL, NULL, NULL, NULL),
	('f9951b91-9795-4729-9d09-62e527464d0b', '2e2ee4bc-8f99-4707-a9bb-803d760b9744', '2a0e724d-df23-4f6d-97fc-9b3fc4411978', NULL, 10, '2025-12-03 17:42:32.086286+00', NULL, NULL, NULL, NULL, NULL, NULL),
	('71943461-88c2-4b92-a3e6-3324a5fbd191', '2e2ee4bc-8f99-4707-a9bb-803d760b9744', 'b6a50b14-c250-42d2-a7b0-3eb4f7b29fef', NULL, 2, '2025-12-03 17:42:32.086286+00', 'big', NULL, NULL, NULL, '62f8b2fc-884f-4bbb-885e-480b6cd4b5c7', 'לבנוני לא צריך '),
	('839b5b26-870f-4538-99e1-fa52820bc0f8', '2e2ee4bc-8f99-4707-a9bb-803d760b9744', 'b6a50b14-c250-42d2-a7b0-3eb4f7b29fef', NULL, 2, '2025-12-03 17:42:32.086286+00', 'small', NULL, NULL, NULL, '62f8b2fc-884f-4bbb-885e-480b6cd4b5c7', NULL),
	('36f1cede-f996-416f-8937-40b94989bf7a', '2e2ee4bc-8f99-4707-a9bb-803d760b9744', 'b6a50b14-c250-42d2-a7b0-3eb4f7b29fef', NULL, 1, '2025-12-03 17:42:32.086286+00', 'small', NULL, NULL, NULL, 'c8895fdf-10ab-4399-9033-207698befe7f', NULL),
	('8a2808dc-1a72-49a4-a5d1-0ec2f0de0f55', '2e2ee4bc-8f99-4707-a9bb-803d760b9744', 'b6a50b14-c250-42d2-a7b0-3eb4f7b29fef', NULL, 1, '2025-12-03 17:42:32.086286+00', 'big', NULL, NULL, NULL, '86e31c00-bc0b-4ddd-8d1c-d37a5115f050', NULL),
	('37aee0bf-380d-4aeb-8758-5aa740f985c7', 'e00debf1-cf41-4d6b-8a47-8dd366944d0d', '8636bcf3-ec90-4eb7-811b-b7cd3a1a2a5e', 'edcd6cec-aba1-4658-bbeb-6b641f31ec7e', 2, '2025-12-03 17:56:37.048521+00', NULL, NULL, NULL, NULL, NULL, NULL),
	('2ddfacfa-3c0c-48c3-8d22-7994ea7ba86a', 'e00debf1-cf41-4d6b-8a47-8dd366944d0d', '11f2656b-87de-424a-83da-5aee8eb1f6cc', 'edcd6cec-aba1-4658-bbeb-6b641f31ec7e', 1, '2025-12-03 17:56:37.048521+00', NULL, NULL, NULL, NULL, NULL, NULL),
	('ff62b8d3-46c0-40b8-9144-32b5d77f359f', 'e00debf1-cf41-4d6b-8a47-8dd366944d0d', 'd2089c5f-84ad-4240-ab26-e8a60b0c2883', NULL, 2, '2025-12-03 17:56:37.048521+00', 'big', NULL, NULL, NULL, NULL, NULL),
	('4582cbee-cb5e-402f-8ffc-45ea1da30aad', 'e00debf1-cf41-4d6b-8a47-8dd366944d0d', 'a9b8070c-cc8c-435b-af53-a219965c4d4d', NULL, 2, '2025-12-03 17:56:37.048521+00', 'big', NULL, NULL, NULL, NULL, NULL),
	('bc5492f6-7476-469e-b4ee-f30dcb084ff1', '49ddaed8-8749-4cdf-9838-c503020ccdb3', 'fe06093f-201f-4508-9b96-91372697271e', NULL, 10, '2025-12-10 21:11:14.272114+00', NULL, NULL, NULL, NULL, NULL, NULL),
	('a2c77523-3bfb-4379-959d-9031fd0af54d', '49ddaed8-8749-4cdf-9838-c503020ccdb3', '69829f03-a3e5-4657-9aff-7fcee2313b8e', NULL, 10, '2025-12-10 21:11:14.272114+00', NULL, NULL, NULL, NULL, NULL, NULL),
	('3ed8f42e-51c0-46de-877c-1872c8668758', 'e00debf1-cf41-4d6b-8a47-8dd366944d0d', '90b462f0-e794-4efd-898b-0fdbee92e10b', NULL, 2, '2025-12-03 17:56:37.048521+00', NULL, NULL, NULL, NULL, NULL, NULL),
	('01117e5a-cf36-4832-ac17-7e9752a3d449', 'e00debf1-cf41-4d6b-8a47-8dd366944d0d', '242eefda-89ea-4aa6-8d63-17c4e9e25212', NULL, 5, '2025-12-03 17:56:37.048521+00', NULL, NULL, NULL, NULL, NULL, NULL),
	('bf0cb3c2-d32b-4bfd-a59c-e8e4800e4552', 'e00debf1-cf41-4d6b-8a47-8dd366944d0d', '6e3c1a2b-4ad6-4e48-bdef-b8a6d1b22127', NULL, 5, '2025-12-03 17:56:37.048521+00', NULL, NULL, NULL, NULL, NULL, NULL),
	('b64fa31b-24d6-464f-aac2-af6e6616696f', '7c6bcda6-a87c-48d1-a772-5302989ceb42', '6e30d066-dc02-4fe4-9b03-ad3d8259e5bb', 'aaab4697-2193-46b1-9e06-71b6e8f11549', 1, '2025-12-03 18:05:19.369406+00', NULL, NULL, NULL, NULL, NULL, NULL),
	('91988738-f0d6-4dea-b150-be7386c4c297', '7c6bcda6-a87c-48d1-a772-5302989ceb42', '6e30d066-dc02-4fe4-9b03-ad3d8259e5bb', '618d9965-252b-4c12-ba32-c479e959a6c4', 1, '2025-12-03 18:05:19.369406+00', NULL, NULL, NULL, NULL, NULL, NULL),
	('18c20677-8d00-47e8-8b6c-fbaa70d7b203', '7c6bcda6-a87c-48d1-a772-5302989ceb42', 'a9b8070c-cc8c-435b-af53-a219965c4d4d', NULL, 1, '2025-12-03 18:05:19.369406+00', 'big', NULL, NULL, NULL, NULL, 'בלי חריף'),
	('55b3bff0-db7c-4bfc-9c5c-c2429f91f6ac', '49ddaed8-8749-4cdf-9838-c503020ccdb3', 'b682b83f-fd6e-4e36-8a68-f4b2b8c17da9', NULL, 1, '2025-12-10 21:11:14.272114+00', 'big', NULL, NULL, NULL, NULL, NULL),
	('b7925e6d-9c07-45b2-8e8d-1a2fe6098b7e', '49ddaed8-8749-4cdf-9838-c503020ccdb3', 'b6a50b14-c250-42d2-a7b0-3eb4f7b29fef', NULL, 2, '2025-12-10 21:11:14.272114+00', 'big', NULL, NULL, NULL, '62f8b2fc-884f-4bbb-885e-480b6cd4b5c7', NULL),
	('44fc7871-be70-48d6-93b0-8f5ffe9f52e0', '7c6bcda6-a87c-48d1-a772-5302989ceb42', 'e6cac754-36b4-4f84-800b-c13873383124', NULL, 5, '2025-12-03 18:05:19.369406+00', NULL, NULL, NULL, NULL, NULL, NULL),
	('3522756e-23af-4642-a6a6-cdf1ad63637f', '7c6bcda6-a87c-48d1-a772-5302989ceb42', 'b7f09930-b9e3-438c-9362-0a6cf9e33ac7', NULL, 5, '2025-12-03 18:05:19.369406+00', NULL, NULL, NULL, NULL, NULL, NULL),
	('b3ac48c5-ef7a-4e68-934c-5294287a7f5d', '7c6bcda6-a87c-48d1-a772-5302989ceb42', 'f362281e-8f73-480c-bab3-dea2b252b395', NULL, 2, '2025-12-03 18:05:19.369406+00', 'big', NULL, NULL, NULL, NULL, NULL),
	('337a637a-4583-44e6-ab9e-161f2d790f99', '7c6bcda6-a87c-48d1-a772-5302989ceb42', '4c76f00b-d315-4229-9a9c-37c1adf72f25', NULL, 1, '2025-12-03 18:05:19.369406+00', 'big', NULL, NULL, NULL, NULL, NULL),
	('23534e36-d0a4-4038-a31f-505e7a3ca614', '7440d20a-4464-410f-b3b7-bb1fa1ecbf7b', '856dce30-25f1-4a09-9361-622c4d81365e', 'aaab4697-2193-46b1-9e06-71b6e8f11549', 1, '2025-12-03 18:47:36.711883+00', NULL, NULL, NULL, NULL, NULL, 'גכיעגכע'),
	('ef276241-169a-4c28-afa0-ab3bbdf0bd0f', '7440d20a-4464-410f-b3b7-bb1fa1ecbf7b', 'a9b8070c-cc8c-435b-af53-a219965c4d4d', NULL, 1, '2025-12-03 18:47:36.711883+00', 'big', NULL, NULL, NULL, NULL, NULL),
	('1cb2a884-9b60-4f39-97ba-18c96cf3899f', '49ddaed8-8749-4cdf-9838-c503020ccdb3', 'b6a50b14-c250-42d2-a7b0-3eb4f7b29fef', NULL, 2, '2025-12-10 21:11:14.272114+00', 'big', NULL, NULL, NULL, '7509b198-608b-4b24-a38a-88779754f759', NULL),
	('194fadc3-625e-4b96-b9b0-8b05c27192eb', '49ddaed8-8749-4cdf-9838-c503020ccdb3', 'f222778c-fb1c-4070-91d7-cebe5da9327c', NULL, 1, '2025-12-10 21:11:14.272114+00', 'big', NULL, NULL, NULL, NULL, NULL),
	('a5d98e5b-c1f7-4ace-aedb-0c7a25fc4e50', '7440d20a-4464-410f-b3b7-bb1fa1ecbf7b', '89ca3c56-407c-443d-92ec-ea929bc9342b', NULL, 5, '2025-12-03 18:47:36.711883+00', NULL, NULL, NULL, NULL, NULL, NULL),
	('ef0dc7ce-fbdd-4677-9726-e8514c8fdad4', '7440d20a-4464-410f-b3b7-bb1fa1ecbf7b', '3a4aaf6f-3927-43ce-b770-feefba8586aa', NULL, 5, '2025-12-03 18:47:36.711883+00', NULL, NULL, NULL, NULL, NULL, NULL),
	('f9dcc4b4-d7a8-46d5-acf6-0ee31b4ef79b', '7440d20a-4464-410f-b3b7-bb1fa1ecbf7b', 'b7f09930-b9e3-438c-9362-0a6cf9e33ac7', NULL, 5, '2025-12-03 18:47:36.711883+00', NULL, NULL, NULL, NULL, NULL, NULL),
	('f7ded51d-ab0a-440b-8787-ac69b29f5263', '7440d20a-4464-410f-b3b7-bb1fa1ecbf7b', 'f222778c-fb1c-4070-91d7-cebe5da9327c', NULL, 2, '2025-12-03 18:47:36.711883+00', 'big', NULL, NULL, NULL, NULL, NULL),
	('447e8df5-5e3c-4e62-87ac-5efc74827092', '7440d20a-4464-410f-b3b7-bb1fa1ecbf7b', '5d7f54ce-8b2c-4aa7-aedb-39316237f867', NULL, 2, '2025-12-03 18:47:36.711883+00', 'big', NULL, NULL, NULL, NULL, NULL),
	('96ee3227-f09f-43b8-9af2-d46d742b184c', '381102e2-e8d2-4594-842d-ce81029daec6', 'a9b8070c-cc8c-435b-af53-a219965c4d4d', NULL, 1, '2025-12-08 10:34:02.029765+00', 'big', NULL, NULL, NULL, NULL, NULL),
	('abd2b31a-59f3-474c-a086-1d04487b1af5', '49ddaed8-8749-4cdf-9838-c503020ccdb3', '8320bdf9-4050-4d19-b1cf-be28c0982b73', NULL, 1, '2025-12-10 21:11:14.272114+00', 'big', NULL, NULL, NULL, NULL, NULL),
	('ae839b39-254c-4726-ab12-a5fe239ff54f', 'feb99f8e-c182-46f1-b066-f8ab61b86c3e', '2e72be5f-09a0-43a6-922e-a7e870c59cc1', 'aaab4697-2193-46b1-9e06-71b6e8f11549', 1, '2025-12-10 21:35:50.696485+00', NULL, NULL, NULL, NULL, NULL, NULL),
	('b7c0c2b0-13eb-4929-aed9-f692a767fa4d', '381102e2-e8d2-4594-842d-ce81029daec6', '16089e82-1eeb-4c2f-99cb-e99ec68b3a0d', NULL, 5, '2025-12-08 10:34:02.029765+00', NULL, NULL, NULL, NULL, NULL, NULL),
	('df6552f4-5842-4bbf-b075-35993ed662b1', 'feb99f8e-c182-46f1-b066-f8ab61b86c3e', '90b462f0-e794-4efd-898b-0fdbee92e10b', NULL, 10, '2025-12-10 21:35:50.696485+00', NULL, NULL, NULL, NULL, NULL, NULL),
	('7d905500-35a5-4c6c-94db-7fc578a44a28', 'adfd2a58-14ad-432f-9c91-730295b8713b', '98a92763-e2e1-4b9f-b430-7a0aba96b0b1', 'edcd6cec-aba1-4658-bbeb-6b641f31ec7e', 1, '2025-12-10 22:08:10.877144+00', NULL, NULL, NULL, NULL, NULL, NULL),
	('5d090e9e-879b-4550-8e6b-9ddf7eb662ba', '381102e2-e8d2-4594-842d-ce81029daec6', '6f20fc64-6fd5-4477-8dbd-f639f21f3e67', NULL, 5, '2025-12-08 10:34:02.029765+00', NULL, NULL, NULL, NULL, NULL, NULL),
	('d1eaca29-d04b-495d-acd1-0017da8d51de', '381102e2-e8d2-4594-842d-ce81029daec6', 'eb8b168d-295d-4cdc-991a-2519be737fe6', NULL, 5, '2025-12-08 10:34:02.029765+00', NULL, NULL, NULL, NULL, NULL, NULL),
	('32350d12-b90d-49e2-81d6-ad1a87f24c04', '381102e2-e8d2-4594-842d-ce81029daec6', '2a0e724d-df23-4f6d-97fc-9b3fc4411978', NULL, 5, '2025-12-08 10:34:02.029765+00', NULL, NULL, NULL, NULL, NULL, NULL),
	('12dedcac-27cf-4b34-962e-8998d317fdc7', 'adfd2a58-14ad-432f-9c91-730295b8713b', 'cf038ad4-c3ce-4412-b323-ee79d86f32eb', 'aaab4697-2193-46b1-9e06-71b6e8f11549', 1, '2025-12-10 22:08:10.877144+00', NULL, NULL, NULL, NULL, NULL, NULL),
	('6a344a9b-d512-4995-a351-92b731a7bf9a', 'adfd2a58-14ad-432f-9c91-730295b8713b', 'b70c42f9-6e27-47c3-b197-e894131cdc3f', '1dd3da19-555e-4e6c-a943-5c6a995b73d9', 1, '2025-12-10 22:08:10.877144+00', NULL, NULL, NULL, NULL, NULL, NULL),
	('32a64031-99c8-4aa5-af4e-4dde6e9831e9', 'adfd2a58-14ad-432f-9c91-730295b8713b', '74b0d4e1-d97b-4a68-a355-6f295403841f', 'edcd6cec-aba1-4658-bbeb-6b641f31ec7e', 1, '2025-12-10 22:08:10.877144+00', NULL, NULL, NULL, NULL, NULL, NULL),
	('32cebd05-f9d8-447a-930b-dbb4cf1e81f7', '381102e2-e8d2-4594-842d-ce81029daec6', 'b6a50b14-c250-42d2-a7b0-3eb4f7b29fef', NULL, 1, '2025-12-08 10:34:02.029765+00', 'small', NULL, NULL, NULL, '62f8b2fc-884f-4bbb-885e-480b6cd4b5c7', NULL),
	('bff81171-0bbf-4fab-8832-ecfdf04f5ce6', '381102e2-e8d2-4594-842d-ce81029daec6', 'b6a50b14-c250-42d2-a7b0-3eb4f7b29fef', NULL, 1, '2025-12-08 10:34:02.029765+00', 'small', NULL, NULL, NULL, '7509b198-608b-4b24-a38a-88779754f759', NULL),
	('6508e84a-96bb-48cf-a00e-bb91ead22dfa', '27edfa2b-5f60-4df9-b66a-7ed45bd5956f', '6f20fc64-6fd5-4477-8dbd-f639f21f3e67', NULL, 5, '2025-12-08 11:07:43.271443+00', NULL, NULL, NULL, NULL, NULL, NULL),
	('82bc9e8a-73a2-498f-9e14-9c1e5fbd5717', '27edfa2b-5f60-4df9-b66a-7ed45bd5956f', 'eb8b168d-295d-4cdc-991a-2519be737fe6', NULL, 2, '2025-12-08 11:07:43.271443+00', NULL, NULL, NULL, NULL, NULL, NULL),
	('cd9d0c7e-578f-452b-9755-d1ad98290fc6', 'e847215a-220d-4e3a-a643-9c1613f4d165', 'b6a50b14-c250-42d2-a7b0-3eb4f7b29fef', NULL, 1, '2025-12-08 13:15:48.25614+00', 'small', NULL, NULL, NULL, 'c8895fdf-10ab-4399-9033-207698befe7f', NULL),
	('9da0ccc2-5728-4946-a581-79b845a4f4dc', '7a0c0526-9772-4962-88b6-66d70ef4cde2', 'e6cac754-36b4-4f84-800b-c13873383124', NULL, 1, '2025-12-08 13:34:39.070032+00', NULL, NULL, NULL, NULL, NULL, NULL),
	('8859ba8b-6e64-46aa-a9b9-b825b510da3f', '7a0c0526-9772-4962-88b6-66d70ef4cde2', 'e5be9ae5-6356-44b9-8504-923a7773229d', NULL, 3, '2025-12-08 13:34:39.070032+00', NULL, 'a91d90b7-d31c-49d7-88b6-6e41c3ac346a', NULL, NULL, NULL, NULL),
	('b3696f88-cd66-42b8-8e4f-b53aae73f0b6', '650bdc47-e2b9-42c1-a52e-4c9c8457a615', '98a92763-e2e1-4b9f-b430-7a0aba96b0b1', 'aaab4697-2193-46b1-9e06-71b6e8f11549', 1, '2025-12-10 21:51:05.737424+00', NULL, NULL, NULL, NULL, NULL, NULL),
	('a87bad89-2f4a-40ad-a44d-352fe8cf38a3', '650bdc47-e2b9-42c1-a52e-4c9c8457a615', '98a92763-e2e1-4b9f-b430-7a0aba96b0b1', '618d9965-252b-4c12-ba32-c479e959a6c4', 1, '2025-12-10 21:51:05.737424+00', NULL, NULL, NULL, NULL, NULL, NULL),
	('c02548f8-b790-4740-ba8c-d0a1108c66f6', '650bdc47-e2b9-42c1-a52e-4c9c8457a615', '74b0d4e1-d97b-4a68-a355-6f295403841f', 'edcd6cec-aba1-4658-bbeb-6b641f31ec7e', 1, '2025-12-10 21:51:05.737424+00', NULL, NULL, NULL, NULL, NULL, NULL),
	('6aa608a6-5206-4221-8750-89f15aef5620', '650bdc47-e2b9-42c1-a52e-4c9c8457a615', '74b0d4e1-d97b-4a68-a355-6f295403841f', '1dd3da19-555e-4e6c-a943-5c6a995b73d9', 1, '2025-12-10 21:51:05.737424+00', NULL, NULL, NULL, NULL, NULL, NULL),
	('76b91f5d-3580-4462-918d-b25ce3e519ca', '650bdc47-e2b9-42c1-a52e-4c9c8457a615', 'eb8b168d-295d-4cdc-991a-2519be737fe6', NULL, 10, '2025-12-10 21:51:05.737424+00', NULL, NULL, NULL, NULL, NULL, NULL),
	('f918b073-913f-4106-aaeb-7f7f2971c25d', '650bdc47-e2b9-42c1-a52e-4c9c8457a615', 'f222778c-fb1c-4070-91d7-cebe5da9327c', NULL, 1, '2025-12-10 21:51:05.737424+00', 'big', NULL, NULL, NULL, NULL, NULL),
	('bc4e6ec8-0ee0-4dd4-8fca-9dc575b326ac', 'adfd2a58-14ad-432f-9c91-730295b8713b', '9ba98df4-f51d-4b1f-b512-15fc0595fed6', NULL, 10, '2025-12-10 22:08:10.877144+00', NULL, '6a538e9e-ab38-498e-b22a-6258df7caa68', NULL, NULL, NULL, NULL),
	('0e47d00e-de07-4485-9fc1-d075e4a4a3c6', 'adfd2a58-14ad-432f-9c91-730295b8713b', '6ec5c9b0-1086-4c8d-86a1-551267d53706', NULL, 10, '2025-12-10 22:08:10.877144+00', NULL, NULL, NULL, NULL, NULL, NULL),
	('344fc4b6-2894-47b3-b1fc-c5302829e1f6', 'adfd2a58-14ad-432f-9c91-730295b8713b', 'eb8b168d-295d-4cdc-991a-2519be737fe6', NULL, 10, '2025-12-10 22:08:10.877144+00', NULL, NULL, NULL, NULL, NULL, NULL),
	('c67914b1-921e-4120-b38a-29680f428999', '417ab691-39ed-4e2c-814b-39ca37cfe961', 'a9b8070c-cc8c-435b-af53-a219965c4d4d', '1dd3da19-555e-4e6c-a943-5c6a995b73d9', 1, '2025-12-03 16:18:57.200744+00', NULL, NULL, NULL, NULL, NULL, NULL),
	('283e874f-0ba4-4681-9c43-78c16ad1afe7', '2e2ee4bc-8f99-4707-a9bb-803d760b9744', 'a9b8070c-cc8c-435b-af53-a219965c4d4d', 'edcd6cec-aba1-4658-bbeb-6b641f31ec7e', 2, '2025-12-03 17:42:32.086286+00', NULL, NULL, NULL, NULL, NULL, NULL),
	('bd21ce4c-899a-4b7e-b4b2-9154bc21ae84', 'e00debf1-cf41-4d6b-8a47-8dd366944d0d', 'a9b8070c-cc8c-435b-af53-a219965c4d4d', 'edcd6cec-aba1-4658-bbeb-6b641f31ec7e', 2, '2025-12-03 17:56:37.048521+00', NULL, NULL, NULL, NULL, NULL, NULL),
	('592268ab-5a52-4a28-9f4e-bdf297ea7132', '7c6bcda6-a87c-48d1-a772-5302989ceb42', 'a9b8070c-cc8c-435b-af53-a219965c4d4d', 'edcd6cec-aba1-4658-bbeb-6b641f31ec7e', 1, '2025-12-03 18:05:19.369406+00', NULL, NULL, NULL, NULL, NULL, NULL),
	('e6984ac3-e435-46c4-a926-2a81b1353fc5', '7440d20a-4464-410f-b3b7-bb1fa1ecbf7b', 'a9b8070c-cc8c-435b-af53-a219965c4d4d', 'edcd6cec-aba1-4658-bbeb-6b641f31ec7e', 1, '2025-12-03 18:47:36.711883+00', NULL, NULL, NULL, NULL, NULL, NULL),
	('2967a4e3-7fca-4b28-a331-494d6f42f1ff', '381102e2-e8d2-4594-842d-ce81029daec6', 'a9b8070c-cc8c-435b-af53-a219965c4d4d', 'edcd6cec-aba1-4658-bbeb-6b641f31ec7e', 1, '2025-12-08 10:34:02.029765+00', NULL, NULL, NULL, NULL, NULL, NULL),
	('f8edc192-eae6-4688-a860-14f10867dd21', '59c4df77-2286-42aa-a928-5ef2de10b62d', 'cf038ad4-c3ce-4412-b323-ee79d86f32eb', 'aaab4697-2193-46b1-9e06-71b6e8f11549', 1, '2025-12-10 22:29:26.069395+00', NULL, NULL, NULL, NULL, NULL, NULL),
	('ed61d1cf-f026-4708-b878-89d3dbfb274d', '417ab691-39ed-4e2c-814b-39ca37cfe961', 'a9b8070c-cc8c-435b-af53-a219965c4d4d', '1dd3da19-555e-4e6c-a943-5c6a995b73d9', 1, '2025-12-03 16:18:57.200744+00', NULL, NULL, NULL, NULL, NULL, NULL),
	('02d92d4b-530e-4ff5-9356-c3df78b26293', '2e2ee4bc-8f99-4707-a9bb-803d760b9744', 'a9b8070c-cc8c-435b-af53-a219965c4d4d', '618d9965-252b-4c12-ba32-c479e959a6c4', 1, '2025-12-03 17:42:32.086286+00', NULL, NULL, NULL, NULL, NULL, NULL),
	('aa3997d9-54bd-43c9-b6fd-e1e43637b008', 'e00debf1-cf41-4d6b-8a47-8dd366944d0d', 'a9b8070c-cc8c-435b-af53-a219965c4d4d', 'edcd6cec-aba1-4658-bbeb-6b641f31ec7e', 2, '2025-12-03 17:56:37.048521+00', NULL, NULL, NULL, NULL, NULL, NULL),
	('874a22c0-5cf5-4557-ab51-f68741607376', '7c6bcda6-a87c-48d1-a772-5302989ceb42', 'a9b8070c-cc8c-435b-af53-a219965c4d4d', 'edcd6cec-aba1-4658-bbeb-6b641f31ec7e', 1, '2025-12-03 18:05:19.369406+00', NULL, NULL, NULL, NULL, NULL, NULL),
	('8cb09e8b-2bde-4f57-a143-1916ee818700', '7440d20a-4464-410f-b3b7-bb1fa1ecbf7b', 'a9b8070c-cc8c-435b-af53-a219965c4d4d', 'aaab4697-2193-46b1-9e06-71b6e8f11549', 1, '2025-12-03 18:47:36.711883+00', NULL, NULL, NULL, NULL, NULL, NULL),
	('502e3f68-4263-41c4-876a-3cb9e964594a', '381102e2-e8d2-4594-842d-ce81029daec6', 'a9b8070c-cc8c-435b-af53-a219965c4d4d', 'edcd6cec-aba1-4658-bbeb-6b641f31ec7e', 1, '2025-12-08 10:34:02.029765+00', NULL, NULL, NULL, NULL, NULL, NULL),
	('e4c2f253-0281-4489-8a15-9e069debbd32', '59c4df77-2286-42aa-a928-5ef2de10b62d', '242eefda-89ea-4aa6-8d63-17c4e9e25212', NULL, 10, '2025-12-10 22:29:26.069395+00', NULL, NULL, NULL, NULL, NULL, NULL),
	('71f091da-4510-400c-bb86-9eaeb84503fc', '417ab691-39ed-4e2c-814b-39ca37cfe961', '16089e82-1eeb-4c2f-99cb-e99ec68b3a0d', NULL, 2, '2025-12-03 16:18:57.200744+00', NULL, NULL, NULL, NULL, NULL, NULL),
	('31023ccf-53ce-43f4-9008-11485306f6ee', 'b1b342c0-526f-42a0-928d-b524ad38e806', '6e30d066-dc02-4fe4-9b03-ad3d8259e5bb', 'edcd6cec-aba1-4658-bbeb-6b641f31ec7e', 1, '2025-12-14 08:00:32.739678+00', NULL, NULL, NULL, NULL, NULL, NULL),
	('cf82c6d4-610a-4faf-948f-04fcd6b7ba04', 'b1b342c0-526f-42a0-928d-b524ad38e806', 'ffbfc15d-2f5e-4214-82eb-16d8fd786812', 'edcd6cec-aba1-4658-bbeb-6b641f31ec7e', 1, '2025-12-14 08:00:32.739678+00', NULL, NULL, NULL, NULL, NULL, NULL),
	('64b79633-0be8-4e73-aca3-3e7a5677ab28', 'b1b342c0-526f-42a0-928d-b524ad38e806', '89ca3c56-407c-443d-92ec-ea929bc9342b', NULL, 1, '2025-12-14 08:00:32.739678+00', NULL, NULL, NULL, NULL, NULL, NULL),
	('07b2c1c9-0e14-4f46-9526-59e206c69f3d', '381102e2-e8d2-4594-842d-ce81029daec6', '16089e82-1eeb-4c2f-99cb-e99ec68b3a0d', NULL, 1, '2025-12-08 10:34:02.029765+00', NULL, NULL, NULL, NULL, NULL, NULL),
	('3abe8d25-f787-40ac-80fa-f460ec1dc45f', '417ab691-39ed-4e2c-814b-39ca37cfe961', '16089e82-1eeb-4c2f-99cb-e99ec68b3a0d', NULL, 1, '2025-12-03 16:18:57.200744+00', NULL, NULL, NULL, NULL, NULL, NULL),
	('e268b7d2-fa3b-4764-aadd-048b46c2df1e', '381102e2-e8d2-4594-842d-ce81029daec6', '16089e82-1eeb-4c2f-99cb-e99ec68b3a0d', NULL, 1, '2025-12-08 10:34:02.029765+00', NULL, NULL, NULL, NULL, NULL, NULL),
	('53a958f7-1ea1-45c1-b920-4e1b5693e536', '41c92997-43a0-493a-b59f-767b77d5fecc', '98a92763-e2e1-4b9f-b430-7a0aba96b0b1', 'aaab4697-2193-46b1-9e06-71b6e8f11549', 1, '2025-12-14 08:13:22.522349+00', NULL, NULL, NULL, NULL, NULL, NULL),
	('b882f040-9abf-4298-9ea1-a8ff6fcd0ae3', '41c92997-43a0-493a-b59f-767b77d5fecc', 'cf038ad4-c3ce-4412-b323-ee79d86f32eb', 'edcd6cec-aba1-4658-bbeb-6b641f31ec7e', 1, '2025-12-14 08:13:22.522349+00', NULL, NULL, NULL, NULL, NULL, NULL),
	('aad0da2e-f9ff-4376-9759-28b0cb9a9784', 'b98a17a5-65e2-456f-b5a8-85e16a4f0eb7', '5ebdae8a-89a4-424e-b942-cbd57ab8208c', NULL, 1, '2025-12-14 08:29:53.967061+00', 'big', NULL, NULL, NULL, NULL, NULL),
	('a3415189-0070-49a6-a417-d9bbbb43c5d3', 'b98a17a5-65e2-456f-b5a8-85e16a4f0eb7', '5ebdae8a-89a4-424e-b942-cbd57ab8208c', NULL, 1, '2025-12-14 08:29:53.967061+00', 'small', NULL, NULL, NULL, NULL, NULL),
	('0e4a91ba-3f46-40fc-8905-c6cdb981c839', 'b98a17a5-65e2-456f-b5a8-85e16a4f0eb7', 'cccfddd5-82e4-401e-b3fb-d47f80c7c287', 'aaab4697-2193-46b1-9e06-71b6e8f11549', 2, '2025-12-14 08:29:53.967061+00', NULL, NULL, NULL, NULL, NULL, NULL),
	('ba54aa5f-54bd-41b9-8e66-d6ebfd516b52', 'b98a17a5-65e2-456f-b5a8-85e16a4f0eb7', 'a9b8070c-cc8c-435b-af53-a219965c4d4d', NULL, 1, '2025-12-14 08:29:53.967061+00', 'big', NULL, NULL, NULL, NULL, NULL),
	('ed1d6cc2-397d-454f-9b14-ad24a148defa', 'b98a17a5-65e2-456f-b5a8-85e16a4f0eb7', 'a9b8070c-cc8c-435b-af53-a219965c4d4d', 'aaab4697-2193-46b1-9e06-71b6e8f11549', 1, '2025-12-14 08:29:53.967061+00', NULL, NULL, '5b7e6238-1ace-42a0-90fe-124c76f671e2', NULL, NULL, NULL),
	('ebbfb083-f4a0-41a3-a597-6612167495a2', 'b98a17a5-65e2-456f-b5a8-85e16a4f0eb7', 'a9b8070c-cc8c-435b-af53-a219965c4d4d', 'aaab4697-2193-46b1-9e06-71b6e8f11549', 1, '2025-12-14 08:29:53.967061+00', NULL, NULL, '1980b5d5-f7ea-4e63-b19b-c09320d3796c', NULL, NULL, NULL),
	('8d101f34-73d5-4fd9-bf4b-23ae9e671280', 'b98a17a5-65e2-456f-b5a8-85e16a4f0eb7', 'b682b83f-fd6e-4e36-8a68-f4b2b8c17da9', NULL, 1, '2025-12-14 08:29:53.967061+00', 'small', NULL, NULL, NULL, NULL, NULL),
	('40b7d956-3261-4157-b9ac-b1890012fdfd', '1b43ac65-6c95-46c4-bae2-eee43ef4f70f', '0998edaa-3c8b-4e4a-9e2d-82404cd16f5e', 'aaab4697-2193-46b1-9e06-71b6e8f11549', 1, '2025-12-14 08:32:13.60613+00', NULL, NULL, NULL, NULL, NULL, NULL),
	('5d3f128e-7109-4eab-960c-a7bed1925267', '1b43ac65-6c95-46c4-bae2-eee43ef4f70f', '0998edaa-3c8b-4e4a-9e2d-82404cd16f5e', '1dd3da19-555e-4e6c-a943-5c6a995b73d9', 1, '2025-12-14 08:32:13.60613+00', NULL, NULL, NULL, NULL, NULL, NULL),
	('059a0da3-bf7b-4852-8414-815543bb87ed', '1b43ac65-6c95-46c4-bae2-eee43ef4f70f', 'cbf45b01-1df9-4d4c-9db9-bd64dd2f8160', 'edcd6cec-aba1-4658-bbeb-6b641f31ec7e', 1, '2025-12-14 08:32:13.60613+00', NULL, NULL, NULL, NULL, NULL, NULL),
	('a4c625dd-1279-4173-b9c2-1f63a8741730', '1b43ac65-6c95-46c4-bae2-eee43ef4f70f', 'cbf45b01-1df9-4d4c-9db9-bd64dd2f8160', '618d9965-252b-4c12-ba32-c479e959a6c4', 1, '2025-12-14 08:32:13.60613+00', NULL, NULL, NULL, NULL, NULL, NULL),
	('6cbed50b-16d4-417b-a889-e92f60430ac6', '1b43ac65-6c95-46c4-bae2-eee43ef4f70f', '242eefda-89ea-4aa6-8d63-17c4e9e25212', NULL, 1, '2025-12-14 08:32:13.60613+00', NULL, NULL, NULL, NULL, NULL, NULL),
	('64cf7ba7-efab-4301-abe2-572273893a33', '1b43ac65-6c95-46c4-bae2-eee43ef4f70f', 'eb8b168d-295d-4cdc-991a-2519be737fe6', NULL, 10, '2025-12-14 08:32:13.60613+00', NULL, NULL, NULL, NULL, NULL, NULL),
	('f07d4788-f624-490b-83d5-a097e88f7e6b', '1b43ac65-6c95-46c4-bae2-eee43ef4f70f', 'f362281e-8f73-480c-bab3-dea2b252b395', NULL, 2, '2025-12-14 08:32:13.60613+00', 'small', NULL, NULL, NULL, NULL, NULL),
	('65f85b3d-0050-4edc-8bda-945b1eca95ab', '1b43ac65-6c95-46c4-bae2-eee43ef4f70f', '4c76f00b-d315-4229-9a9c-37c1adf72f25', NULL, 2, '2025-12-14 08:32:13.60613+00', 'small', NULL, NULL, NULL, NULL, NULL),
	('d55c6ebf-c7d4-4689-bdf8-4936e3c22724', 'd21fd8a3-74cf-4ff3-8992-b77c442793eb', '0998edaa-3c8b-4e4a-9e2d-82404cd16f5e', 'aaab4697-2193-46b1-9e06-71b6e8f11549', 1, '2025-12-14 08:33:29.277418+00', NULL, NULL, NULL, NULL, NULL, NULL),
	('a005bb4f-210f-4ca7-bbde-6c29caadfc7f', 'd21fd8a3-74cf-4ff3-8992-b77c442793eb', '0998edaa-3c8b-4e4a-9e2d-82404cd16f5e', '1dd3da19-555e-4e6c-a943-5c6a995b73d9', 1, '2025-12-14 08:33:29.277418+00', NULL, NULL, NULL, NULL, NULL, NULL),
	('166345cb-9250-48ca-9ece-d1d055290f9a', 'd21fd8a3-74cf-4ff3-8992-b77c442793eb', 'cbf45b01-1df9-4d4c-9db9-bd64dd2f8160', 'edcd6cec-aba1-4658-bbeb-6b641f31ec7e', 1, '2025-12-14 08:33:29.277418+00', NULL, NULL, NULL, NULL, NULL, NULL),
	('fd89eb47-27e6-4fbf-a385-57cb0172bc5d', 'd21fd8a3-74cf-4ff3-8992-b77c442793eb', 'cbf45b01-1df9-4d4c-9db9-bd64dd2f8160', '618d9965-252b-4c12-ba32-c479e959a6c4', 1, '2025-12-14 08:33:29.277418+00', NULL, NULL, NULL, NULL, NULL, NULL),
	('9d5c4724-0cd6-4c91-b781-ea8570e98bf6', 'd21fd8a3-74cf-4ff3-8992-b77c442793eb', '242eefda-89ea-4aa6-8d63-17c4e9e25212', NULL, 1, '2025-12-14 08:33:29.277418+00', NULL, NULL, NULL, NULL, NULL, NULL),
	('84199b4d-56ea-4d8c-ac1c-c2ff37977bc3', 'd21fd8a3-74cf-4ff3-8992-b77c442793eb', 'eb8b168d-295d-4cdc-991a-2519be737fe6', NULL, 10, '2025-12-14 08:33:29.277418+00', NULL, NULL, NULL, NULL, NULL, NULL),
	('637c4d57-956c-4c7a-a8a4-d4a951f0a605', 'd21fd8a3-74cf-4ff3-8992-b77c442793eb', 'f362281e-8f73-480c-bab3-dea2b252b395', NULL, 2, '2025-12-14 08:33:29.277418+00', 'small', NULL, NULL, NULL, NULL, NULL),
	('f8feebfa-e697-4288-9880-4269e023d777', 'd21fd8a3-74cf-4ff3-8992-b77c442793eb', '4c76f00b-d315-4229-9a9c-37c1adf72f25', NULL, 2, '2025-12-14 08:33:29.277418+00', 'small', NULL, NULL, NULL, NULL, NULL),
	('d6f6179e-10fb-43f8-bf6c-bf1bb55d0df2', 'fd4cea66-63bb-49c1-8df3-0e3953b11a23', '6e30d066-dc02-4fe4-9b03-ad3d8259e5bb', 'aaab4697-2193-46b1-9e06-71b6e8f11549', 1, '2025-12-14 11:19:20.998224+00', NULL, NULL, NULL, NULL, NULL, NULL),
	('7d1eb402-856f-4b42-9288-2f98dd4a4898', 'fd4cea66-63bb-49c1-8df3-0e3953b11a23', '98a92763-e2e1-4b9f-b430-7a0aba96b0b1', 'aaab4697-2193-46b1-9e06-71b6e8f11549', 1, '2025-12-14 11:19:20.998224+00', NULL, NULL, NULL, NULL, NULL, NULL),
	('630371ec-5427-4f6f-8215-3d2aa615b5d4', 'fd4cea66-63bb-49c1-8df3-0e3953b11a23', 'd783e05c-d720-430b-b09b-7c684f040575', 'aaab4697-2193-46b1-9e06-71b6e8f11549', 1, '2025-12-14 11:19:20.998224+00', NULL, NULL, NULL, NULL, NULL, NULL),
	('6fb8127b-f999-463c-adba-fe435fada56f', 'fd4cea66-63bb-49c1-8df3-0e3953b11a23', '5ebdae8a-89a4-424e-b942-cbd57ab8208c', NULL, 1, '2025-12-14 11:19:20.998224+00', 'big', NULL, NULL, NULL, NULL, NULL),
	('f84d4df8-1051-480f-8f94-2fb0c58c4ae6', 'fd4cea66-63bb-49c1-8df3-0e3953b11a23', '5ebdae8a-89a4-424e-b942-cbd57ab8208c', NULL, 1, '2025-12-14 11:19:20.998224+00', 'small', NULL, NULL, NULL, NULL, NULL),
	('0b8cb1b0-114d-431f-84b6-1e048c294fc1', 'fd4cea66-63bb-49c1-8df3-0e3953b11a23', 'c63435bb-03ca-49d3-bd9d-b6224e64eab0', 'aaab4697-2193-46b1-9e06-71b6e8f11549', 1, '2025-12-14 11:19:20.998224+00', NULL, NULL, NULL, NULL, NULL, NULL),
	('f439c639-33fd-4528-89ce-56247043ff8d', 'fd4cea66-63bb-49c1-8df3-0e3953b11a23', 'ae17c124-086d-4d7c-8bfc-5c0f2d4668ab', NULL, 1, '2025-12-14 11:19:20.998224+00', 'big', NULL, NULL, NULL, NULL, 'בלי חריף'),
	('bb934694-25b1-42ac-9658-460202b11ac7', 'fd4cea66-63bb-49c1-8df3-0e3953b11a23', 'dab37724-10f1-46ec-b569-8d9021517b2d', '1dd3da19-555e-4e6c-a943-5c6a995b73d9', 1, '2025-12-14 11:19:20.998224+00', NULL, NULL, NULL, NULL, NULL, NULL),
	('0fb9e5f2-8285-459c-a025-f031d29e21de', 'fd4cea66-63bb-49c1-8df3-0e3953b11a23', 'd2089c5f-84ad-4240-ab26-e8a60b0c2883', NULL, 1, '2025-12-14 11:19:20.998224+00', 'big', NULL, NULL, NULL, NULL, NULL),
	('6e8139e4-4219-4bee-b105-f536a4bd37b5', 'fd4cea66-63bb-49c1-8df3-0e3953b11a23', 'd2089c5f-84ad-4240-ab26-e8a60b0c2883', NULL, 1, '2025-12-14 11:19:20.998224+00', 'small', NULL, NULL, NULL, NULL, NULL),
	('c6527ba7-68b8-4daf-af8d-611f2cd46085', 'fd4cea66-63bb-49c1-8df3-0e3953b11a23', 'a9b8070c-cc8c-435b-af53-a219965c4d4d', NULL, 1, '2025-12-14 11:19:20.998224+00', 'big', NULL, NULL, NULL, NULL, NULL),
	('d8b2a8ce-7eac-4aae-a1d0-a8d1322fa825', 'fd4cea66-63bb-49c1-8df3-0e3953b11a23', 'a9b8070c-cc8c-435b-af53-a219965c4d4d', 'aaab4697-2193-46b1-9e06-71b6e8f11549', 1, '2025-12-14 11:19:20.998224+00', NULL, NULL, '5b7e6238-1ace-42a0-90fe-124c76f671e2', NULL, NULL, NULL),
	('b4c21a8e-d079-4e2f-b667-75381441e338', 'fd4cea66-63bb-49c1-8df3-0e3953b11a23', 'a9b8070c-cc8c-435b-af53-a219965c4d4d', 'aaab4697-2193-46b1-9e06-71b6e8f11549', 1, '2025-12-14 11:19:20.998224+00', NULL, NULL, '1980b5d5-f7ea-4e63-b19b-c09320d3796c', NULL, NULL, NULL),
	('e93562fc-70e2-4a04-93cc-4e4bd5649d86', 'fd4cea66-63bb-49c1-8df3-0e3953b11a23', '705a79fd-2a57-4993-ac29-1b66e487a974', NULL, 1, '2025-12-14 11:19:20.998224+00', NULL, NULL, NULL, NULL, NULL, NULL),
	('e91cd782-9dfd-44f0-bbac-5ebb7d1a15e0', 'fd4cea66-63bb-49c1-8df3-0e3953b11a23', '46f7868e-3c84-408d-acb0-c9333d1fa05d', 'edcd6cec-aba1-4658-bbeb-6b641f31ec7e', 1, '2025-12-14 11:19:20.998224+00', NULL, NULL, NULL, NULL, NULL, NULL),
	('38cafc46-4f97-4dcb-b8d4-96cc723894e4', 'fd4cea66-63bb-49c1-8df3-0e3953b11a23', 'a6dc229e-94ec-4b97-b8dc-191b28deb6c6', 'aaab4697-2193-46b1-9e06-71b6e8f11549', 1, '2025-12-14 11:19:20.998224+00', NULL, NULL, NULL, NULL, NULL, NULL),
	('d4ea3fb5-9f72-47aa-a6e5-4f187a91fb2a', 'fd4cea66-63bb-49c1-8df3-0e3953b11a23', 'a27b2409-dce4-4bbe-aee4-42dc6e266389', NULL, 1, '2025-12-14 11:19:20.998224+00', NULL, NULL, NULL, NULL, NULL, NULL),
	('3d63adb7-5fd6-42a3-b985-0c136e41e759', 'fd4cea66-63bb-49c1-8df3-0e3953b11a23', 'e6cac754-36b4-4f84-800b-c13873383124', NULL, 20, '2025-12-14 11:19:20.998224+00', NULL, NULL, NULL, NULL, NULL, NULL),
	('76255e46-b44d-4d4b-ba50-13f2bb357daa', 'fd4cea66-63bb-49c1-8df3-0e3953b11a23', '89ca3c56-407c-443d-92ec-ea929bc9342b', NULL, 10, '2025-12-14 11:19:20.998224+00', NULL, NULL, NULL, NULL, NULL, NULL),
	('197fd58d-850d-47b0-9e03-b3c8ee4e95c3', 'fd4cea66-63bb-49c1-8df3-0e3953b11a23', '9ba98df4-f51d-4b1f-b512-15fc0595fed6', NULL, 20, '2025-12-14 11:19:20.998224+00', NULL, '6a538e9e-ab38-498e-b22a-6258df7caa68', NULL, NULL, NULL, NULL),
	('1c356cc9-fceb-4cfb-8655-efc8841a5bb8', 'fd4cea66-63bb-49c1-8df3-0e3953b11a23', 'b1a0c738-c9ae-426e-9483-8df258463d42', NULL, 20, '2025-12-14 11:19:20.998224+00', NULL, 'b2320af9-1e57-4c40-a4dc-f21fb4d99ab0', NULL, NULL, NULL, NULL),
	('74e12330-be4a-4b36-83d5-7f14a892813b', 'fd4cea66-63bb-49c1-8df3-0e3953b11a23', 'aa696d74-7d47-484c-98f0-bcc4810f7cad', NULL, 20, '2025-12-14 11:19:20.998224+00', NULL, 'a1f68b65-488d-4aa9-b47a-d06d43c0f33c', NULL, NULL, NULL, NULL),
	('ffee9f43-a028-4c12-ae65-ecf89f1fca23', 'fd4cea66-63bb-49c1-8df3-0e3953b11a23', '6f20fc64-6fd5-4477-8dbd-f639f21f3e67', NULL, 10, '2025-12-14 11:19:20.998224+00', NULL, NULL, NULL, NULL, NULL, NULL),
	('804e733a-f63a-4a9e-8705-ef54b53d6b80', 'fd4cea66-63bb-49c1-8df3-0e3953b11a23', 'eb8b168d-295d-4cdc-991a-2519be737fe6', NULL, 20, '2025-12-14 11:19:20.998224+00', NULL, NULL, NULL, NULL, NULL, NULL),
	('23c75722-a045-4a22-819a-fb839d7aa514', 'fd4cea66-63bb-49c1-8df3-0e3953b11a23', '2a0e724d-df23-4f6d-97fc-9b3fc4411978', NULL, 20, '2025-12-14 11:19:20.998224+00', NULL, NULL, NULL, NULL, NULL, NULL),
	('124237cd-eced-4400-8d3c-1a68887266d0', 'fd4cea66-63bb-49c1-8df3-0e3953b11a23', '33785882-e401-4340-9634-fc6afb0c1316', NULL, 10, '2025-12-14 11:19:20.998224+00', NULL, NULL, NULL, NULL, NULL, NULL),
	('e8ea7648-61a7-45da-bab4-ec9612684102', 'fd4cea66-63bb-49c1-8df3-0e3953b11a23', '74208092-3737-4e08-be3c-000618e799f4', NULL, 10, '2025-12-14 11:19:20.998224+00', NULL, NULL, NULL, NULL, NULL, NULL),
	('bc20b6be-9c42-4a1b-b7d2-55893af21369', 'fd4cea66-63bb-49c1-8df3-0e3953b11a23', 'fe06093f-201f-4508-9b96-91372697271e', NULL, 5, '2025-12-14 11:19:20.998224+00', NULL, NULL, NULL, NULL, NULL, NULL),
	('871ae611-2ab0-45aa-95cd-ad936cf2e658', 'fd4cea66-63bb-49c1-8df3-0e3953b11a23', 'd11cbac4-d253-484a-adad-88037575d57c', NULL, 10, '2025-12-14 11:19:20.998224+00', NULL, NULL, NULL, NULL, NULL, NULL),
	('d018559a-58e8-4729-b87d-c10c20930039', 'fd4cea66-63bb-49c1-8df3-0e3953b11a23', '769c005c-f0c0-4107-8b5c-ad52ffea2dee', NULL, 1, '2025-12-14 11:19:20.998224+00', 'big', NULL, NULL, NULL, NULL, NULL),
	('fa459892-d481-4a52-abf8-86b9647da2d2', 'fd4cea66-63bb-49c1-8df3-0e3953b11a23', 'b682b83f-fd6e-4e36-8a68-f4b2b8c17da9', NULL, 1, '2025-12-14 11:19:20.998224+00', 'small', NULL, NULL, NULL, NULL, NULL),
	('35a8144f-8193-415d-b135-81b83277f31f', 'fd4cea66-63bb-49c1-8df3-0e3953b11a23', '28218e77-a4b9-4db9-9de8-87a546cf9f93', NULL, 1, '2025-12-14 11:19:20.998224+00', NULL, NULL, NULL, NULL, NULL, NULL),
	('07aa1f0e-657c-4b42-bf49-6275b98ac103', 'fd4cea66-63bb-49c1-8df3-0e3953b11a23', 'a883d20a-5e50-4035-85c8-5bc2c41e378d', NULL, 1, '2025-12-14 11:19:20.998224+00', 'big', NULL, NULL, NULL, NULL, NULL),
	('23d040a2-f56f-4707-8c6d-c7a9ef50f201', 'fd4cea66-63bb-49c1-8df3-0e3953b11a23', 'ea43b995-d754-4792-86c2-a7605c558d55', NULL, 1, '2025-12-14 11:19:20.998224+00', NULL, NULL, NULL, NULL, NULL, NULL),
	('94ee274a-8289-401a-9e3a-f443c8a0ae30', 'fd4cea66-63bb-49c1-8df3-0e3953b11a23', 'b6a50b14-c250-42d2-a7b0-3eb4f7b29fef', NULL, 1, '2025-12-14 11:19:20.998224+00', 'big', NULL, NULL, NULL, '62f8b2fc-884f-4bbb-885e-480b6cd4b5c7', NULL),
	('04201f2f-2f8c-488a-af84-49c28db07238', 'fd4cea66-63bb-49c1-8df3-0e3953b11a23', 'b6a50b14-c250-42d2-a7b0-3eb4f7b29fef', NULL, 1, '2025-12-14 11:19:20.998224+00', 'big', NULL, NULL, NULL, 'c8895fdf-10ab-4399-9033-207698befe7f', NULL),
	('118db810-09bd-427d-914e-f80800a6ab06', 'fd4cea66-63bb-49c1-8df3-0e3953b11a23', '0d491d57-9735-4cfa-ad25-c92f5571cf5b', NULL, 2, '2025-12-14 11:19:20.998224+00', 'big', NULL, NULL, NULL, NULL, NULL),
	('48e3f0f6-78de-483a-854e-baf3b3196553', 'fd4cea66-63bb-49c1-8df3-0e3953b11a23', '0d491d57-9735-4cfa-ad25-c92f5571cf5b', NULL, 1, '2025-12-14 11:19:20.998224+00', 'small', NULL, NULL, NULL, NULL, NULL),
	('b054ad61-d1b4-4674-9f25-eedc6eb665ad', 'ce0d2d3c-d846-430d-ad7e-0f2876a13e28', '6e30d066-dc02-4fe4-9b03-ad3d8259e5bb', 'edcd6cec-aba1-4658-bbeb-6b641f31ec7e', 2, '2025-12-14 12:35:00.871551+00', NULL, NULL, NULL, NULL, NULL, NULL),
	('d917f7c7-4122-42bd-86ec-ab97f5f78a71', 'ce0d2d3c-d846-430d-ad7e-0f2876a13e28', '2e72be5f-09a0-43a6-922e-a7e870c59cc1', '618d9965-252b-4c12-ba32-c479e959a6c4', 1, '2025-12-14 12:35:00.871551+00', NULL, NULL, NULL, NULL, NULL, NULL),
	('fb2a9e6f-5eef-40e4-9510-1d4a85e59fd8', 'ce0d2d3c-d846-430d-ad7e-0f2876a13e28', '8636bcf3-ec90-4eb7-811b-b7cd3a1a2a5e', 'edcd6cec-aba1-4658-bbeb-6b641f31ec7e', 2, '2025-12-14 12:35:00.871551+00', NULL, NULL, NULL, NULL, NULL, NULL),
	('385587bc-eb11-438b-bc9a-ebfc7eee6a62', 'ce0d2d3c-d846-430d-ad7e-0f2876a13e28', '98a92763-e2e1-4b9f-b430-7a0aba96b0b1', 'edcd6cec-aba1-4658-bbeb-6b641f31ec7e', 2, '2025-12-14 12:35:00.871551+00', NULL, NULL, NULL, NULL, NULL, NULL),
	('fcb4bb34-b996-4283-8bb0-0ec2821cf4d0', 'ce0d2d3c-d846-430d-ad7e-0f2876a13e28', 'd1b5cda2-07b7-4e77-8982-60b636308846', 'edcd6cec-aba1-4658-bbeb-6b641f31ec7e', 2, '2025-12-14 12:35:00.871551+00', NULL, NULL, NULL, NULL, NULL, NULL),
	('2a9be06e-6e31-4c4a-aef7-ced94a66b6d7', 'ce0d2d3c-d846-430d-ad7e-0f2876a13e28', 'd783e05c-d720-430b-b09b-7c684f040575', 'edcd6cec-aba1-4658-bbeb-6b641f31ec7e', 2, '2025-12-14 12:35:00.871551+00', NULL, NULL, NULL, NULL, NULL, NULL),
	('3825a93d-ffeb-42d7-ac95-d57ed5d8c581', 'ce0d2d3c-d846-430d-ad7e-0f2876a13e28', '5ebdae8a-89a4-424e-b942-cbd57ab8208c', NULL, 2, '2025-12-14 12:35:00.871551+00', 'big', NULL, NULL, NULL, NULL, NULL),
	('a2cbcd49-bec4-41f2-a2a5-c5ec6c8a25c7', 'ce0d2d3c-d846-430d-ad7e-0f2876a13e28', 'c63435bb-03ca-49d3-bd9d-b6224e64eab0', 'edcd6cec-aba1-4658-bbeb-6b641f31ec7e', 2, '2025-12-14 12:35:00.871551+00', NULL, NULL, NULL, NULL, NULL, NULL),
	('1a059888-35bd-4d13-bd54-e01a3bac9a50', 'ce0d2d3c-d846-430d-ad7e-0f2876a13e28', '74b0d4e1-d97b-4a68-a355-6f295403841f', 'edcd6cec-aba1-4658-bbeb-6b641f31ec7e', 2, '2025-12-14 12:35:00.871551+00', NULL, NULL, NULL, NULL, NULL, NULL),
	('6e38e483-49b2-4e20-b064-3db107735e9d', 'ce0d2d3c-d846-430d-ad7e-0f2876a13e28', 'c510a389-17d2-4b3b-8eb0-2b133e43a25b', 'edcd6cec-aba1-4658-bbeb-6b641f31ec7e', 2, '2025-12-14 12:35:00.871551+00', NULL, NULL, NULL, NULL, NULL, NULL),
	('dbf2452c-d7df-4fe7-b7e3-7c24d36a634f', 'ce0d2d3c-d846-430d-ad7e-0f2876a13e28', 'cbf45b01-1df9-4d4c-9db9-bd64dd2f8160', 'edcd6cec-aba1-4658-bbeb-6b641f31ec7e', 2, '2025-12-14 12:35:00.871551+00', NULL, NULL, NULL, NULL, NULL, NULL),
	('6c38d7a9-ea08-4a17-9fb0-8ef290f0158a', 'ce0d2d3c-d846-430d-ad7e-0f2876a13e28', 'ffbfc15d-2f5e-4214-82eb-16d8fd786812', 'edcd6cec-aba1-4658-bbeb-6b641f31ec7e', 2, '2025-12-14 12:35:00.871551+00', NULL, NULL, NULL, NULL, NULL, NULL),
	('76c89e96-e278-41ed-9ac3-f0aaf9031629', 'ce0d2d3c-d846-430d-ad7e-0f2876a13e28', '89ca3c56-407c-443d-92ec-ea929bc9342b', NULL, 70, '2025-12-14 12:35:00.871551+00', NULL, NULL, NULL, NULL, NULL, NULL),
	('c11c528f-c9c2-4e99-bb32-cd48e9f3df28', 'ce0d2d3c-d846-430d-ad7e-0f2876a13e28', '9ba98df4-f51d-4b1f-b512-15fc0595fed6', NULL, 30, '2025-12-14 12:35:00.871551+00', NULL, NULL, NULL, NULL, NULL, NULL),
	('910117a5-6724-4e94-85b1-441902b8ddf0', 'ce0d2d3c-d846-430d-ad7e-0f2876a13e28', 'aa696d74-7d47-484c-98f0-bcc4810f7cad', NULL, 50, '2025-12-14 12:35:00.871551+00', NULL, NULL, NULL, NULL, NULL, NULL),
	('fe9800da-ebb4-4218-8c8f-fba5516e9be6', 'ce0d2d3c-d846-430d-ad7e-0f2876a13e28', '636e4d1a-c835-4d8f-8593-b79bace0741f', NULL, 25, '2025-12-14 12:35:00.871551+00', NULL, NULL, NULL, NULL, NULL, NULL),
	('0b9c6d2a-9945-4ecd-85b9-c42f702b47f9', 'ce0d2d3c-d846-430d-ad7e-0f2876a13e28', '50ce578f-09eb-4706-993b-ad5afcc45098', NULL, 25, '2025-12-14 12:35:00.871551+00', NULL, NULL, NULL, NULL, NULL, NULL),
	('fdd82476-4f1e-488d-8533-fb03faf7c353', 'ce0d2d3c-d846-430d-ad7e-0f2876a13e28', '74208092-3737-4e08-be3c-000618e799f4', NULL, 40, '2025-12-14 12:35:00.871551+00', NULL, NULL, NULL, NULL, NULL, NULL),
	('6fd22102-42a0-4118-af39-c55da5f7e708', 'ce0d2d3c-d846-430d-ad7e-0f2876a13e28', 'fe06093f-201f-4508-9b96-91372697271e', NULL, 100, '2025-12-14 12:35:00.871551+00', NULL, NULL, NULL, NULL, NULL, NULL),
	('00f81913-4038-4902-ac9d-9c1e868e9b6f', 'ce0d2d3c-d846-430d-ad7e-0f2876a13e28', '769c005c-f0c0-4107-8b5c-ad52ffea2dee', NULL, 1, '2025-12-14 12:35:00.871551+00', 'big', NULL, NULL, NULL, NULL, NULL),
	('f17b4e36-84b9-422b-b27d-b09daa7b9748', 'ce0d2d3c-d846-430d-ad7e-0f2876a13e28', '28218e77-a4b9-4db9-9de8-87a546cf9f93', NULL, 2, '2025-12-14 12:35:00.871551+00', NULL, NULL, NULL, NULL, NULL, NULL),
	('bf600d0a-e031-4550-92da-dcfe63c8d67f', 'ce0d2d3c-d846-430d-ad7e-0f2876a13e28', 'a883d20a-5e50-4035-85c8-5bc2c41e378d', NULL, 2, '2025-12-14 12:35:00.871551+00', 'big', NULL, NULL, NULL, NULL, NULL),
	('7606b419-783a-4a86-905a-a7b93e274216', 'ce0d2d3c-d846-430d-ad7e-0f2876a13e28', 'ea43b995-d754-4792-86c2-a7605c558d55', NULL, 1, '2025-12-14 12:35:00.871551+00', NULL, NULL, NULL, NULL, NULL, NULL),
	('7c0f4fb4-d4bf-4748-a5be-1df26bd485fb', 'ce0d2d3c-d846-430d-ad7e-0f2876a13e28', 'b6a50b14-c250-42d2-a7b0-3eb4f7b29fef', NULL, 2, '2025-12-14 12:35:00.871551+00', 'big', NULL, NULL, NULL, '62f8b2fc-884f-4bbb-885e-480b6cd4b5c7', NULL),
	('8ce30142-b0fc-4770-a715-747cf67ddc44', 'ce0d2d3c-d846-430d-ad7e-0f2876a13e28', '428f3bdc-b8d4-4002-8ad2-66fc7e14db4d', NULL, 2, '2025-12-14 12:35:00.871551+00', 'big', NULL, NULL, NULL, NULL, NULL),
	('b74f6d0a-166a-430d-80b7-f3d3b4086202', 'ce0d2d3c-d846-430d-ad7e-0f2876a13e28', 'c79f614e-fedd-4130-a8e2-558f6a218fbb', NULL, 2, '2025-12-14 12:35:00.871551+00', 'big', NULL, NULL, NULL, NULL, NULL),
	('1300f3dd-64f7-4a92-808e-b51637b8b54c', 'fb554987-eee1-412f-999d-8a442ad28132', '6e30d066-dc02-4fe4-9b03-ad3d8259e5bb', 'aaab4697-2193-46b1-9e06-71b6e8f11549', 1, '2025-12-25 10:30:38.965434+00', NULL, NULL, NULL, NULL, NULL, NULL),
	('f0bbe707-a9b9-45c1-a87b-6a15b95b4cb5', 'fb554987-eee1-412f-999d-8a442ad28132', '98a92763-e2e1-4b9f-b430-7a0aba96b0b1', 'aaab4697-2193-46b1-9e06-71b6e8f11549', 1, '2025-12-25 10:30:38.965434+00', NULL, NULL, NULL, NULL, NULL, NULL),
	('48e8bf68-c82c-42fb-8452-32000ba00c70', 'fb554987-eee1-412f-999d-8a442ad28132', '11f2656b-87de-424a-83da-5aee8eb1f6cc', 'aaab4697-2193-46b1-9e06-71b6e8f11549', 1, '2025-12-25 10:30:38.965434+00', NULL, NULL, NULL, NULL, NULL, NULL),
	('259bbecc-8c52-4410-b258-bb23559abb44', 'fb554987-eee1-412f-999d-8a442ad28132', '5ebdae8a-89a4-424e-b942-cbd57ab8208c', NULL, 1, '2025-12-25 10:30:38.965434+00', 'small', NULL, NULL, NULL, NULL, NULL),
	('1c43e766-2ebd-446d-b15d-c8943a836978', '7aff226a-0fc5-47ae-9d41-bef11afda310', 'c63435bb-03ca-49d3-bd9d-b6224e64eab0', 'aaab4697-2193-46b1-9e06-71b6e8f11549', 1, '2025-12-25 10:31:40.991629+00', NULL, NULL, NULL, NULL, NULL, NULL),
	('fa9f358b-7230-4617-aed2-a0d0f06e4849', '7aff226a-0fc5-47ae-9d41-bef11afda310', '74b0d4e1-d97b-4a68-a355-6f295403841f', 'aaab4697-2193-46b1-9e06-71b6e8f11549', 1, '2025-12-25 10:31:40.991629+00', NULL, NULL, NULL, NULL, NULL, NULL),
	('9dbbfb18-e726-467e-ad53-8ce309fbc86f', '7aff226a-0fc5-47ae-9d41-bef11afda310', '16efee4e-7bc5-4ad3-9596-e2a8f91c2c78', 'aaab4697-2193-46b1-9e06-71b6e8f11549', 1, '2025-12-25 10:31:40.991629+00', NULL, NULL, NULL, NULL, NULL, NULL),
	('e65d1e06-71cb-43ac-b77d-7a1170249c17', '7aff226a-0fc5-47ae-9d41-bef11afda310', 'd2089c5f-84ad-4240-ab26-e8a60b0c2883', NULL, 1, '2025-12-25 10:31:40.991629+00', 'big', NULL, NULL, NULL, NULL, NULL),
	('6492e4c7-bd90-4748-ba0f-525920ab4765', 'deca09eb-1e06-4f45-acea-52c2232b5dad', '98a92763-e2e1-4b9f-b430-7a0aba96b0b1', 'aaab4697-2193-46b1-9e06-71b6e8f11549', 1, '2025-12-25 11:52:01.734543+00', NULL, NULL, NULL, NULL, NULL, NULL),
	('adfa898f-9016-452d-a48e-8cd285cde92b', 'deca09eb-1e06-4f45-acea-52c2232b5dad', '11f2656b-87de-424a-83da-5aee8eb1f6cc', 'aaab4697-2193-46b1-9e06-71b6e8f11549', 1, '2025-12-25 11:52:01.734543+00', NULL, NULL, NULL, NULL, NULL, NULL),
	('b42b037e-99ee-4b88-b333-bdf5751a7306', 'deca09eb-1e06-4f45-acea-52c2232b5dad', '5ebdae8a-89a4-424e-b942-cbd57ab8208c', NULL, 1, '2025-12-25 11:52:01.734543+00', 'small', NULL, NULL, NULL, NULL, NULL),
	('bc97774f-e06f-48b4-aec9-2d945be276c7', 'deca09eb-1e06-4f45-acea-52c2232b5dad', 'b0f67d37-31d2-4982-b187-88a4268209fb', 'aaab4697-2193-46b1-9e06-71b6e8f11549', 1, '2025-12-25 11:52:01.734543+00', NULL, NULL, NULL, NULL, NULL, NULL),
	('d19b069a-1d27-417d-ba0d-d3215ef12ddb', 'adc47c6d-6936-47bf-812a-d35f48c062e5', 'cf038ad4-c3ce-4412-b323-ee79d86f32eb', 'aaab4697-2193-46b1-9e06-71b6e8f11549', 1, '2025-12-25 11:59:59.0144+00', NULL, NULL, NULL, NULL, NULL, NULL),
	('e75139ec-8bdb-49b1-b500-caa27bb2edb9', 'adc47c6d-6936-47bf-812a-d35f48c062e5', '5ebdae8a-89a4-424e-b942-cbd57ab8208c', NULL, 1, '2025-12-25 11:59:59.0144+00', 'small', NULL, NULL, NULL, NULL, NULL),
	('11368f34-b42d-4230-8435-21c498ea1633', 'adc47c6d-6936-47bf-812a-d35f48c062e5', 'c63435bb-03ca-49d3-bd9d-b6224e64eab0', 'aaab4697-2193-46b1-9e06-71b6e8f11549', 1, '2025-12-25 11:59:59.0144+00', NULL, NULL, NULL, NULL, NULL, NULL),
	('22e60eae-459c-476d-acfa-69c6f3eee500', '4350633c-c460-4d2f-a9de-9d71332889a4', '6e30d066-dc02-4fe4-9b03-ad3d8259e5bb', 'aaab4697-2193-46b1-9e06-71b6e8f11549', 1, '2025-12-26 00:37:44.642896+00', NULL, NULL, NULL, NULL, NULL, NULL),
	('07eb825c-1738-4def-bb6b-e8e6597e9d9a', '4350633c-c460-4d2f-a9de-9d71332889a4', 'cf038ad4-c3ce-4412-b323-ee79d86f32eb', 'edcd6cec-aba1-4658-bbeb-6b641f31ec7e', 1, '2025-12-26 00:37:44.642896+00', NULL, NULL, NULL, NULL, NULL, NULL),
	('24bdd6d8-0147-43fc-af03-fa437dff27e9', '4350633c-c460-4d2f-a9de-9d71332889a4', 'd783e05c-d720-430b-b09b-7c684f040575', '1dd3da19-555e-4e6c-a943-5c6a995b73d9', 1, '2025-12-26 00:37:44.642896+00', NULL, NULL, NULL, NULL, NULL, NULL),
	('9cc70efa-0933-43f4-99f9-3fdbea76d67f', '4350633c-c460-4d2f-a9de-9d71332889a4', 'b70c42f9-6e27-47c3-b197-e894131cdc3f', 'edcd6cec-aba1-4658-bbeb-6b641f31ec7e', 1, '2025-12-26 00:37:44.642896+00', NULL, NULL, NULL, NULL, NULL, NULL),
	('6429d9e3-5e1e-426b-a3a5-00bddc96e37e', '4350633c-c460-4d2f-a9de-9d71332889a4', '0211a85a-5726-4185-b771-1cc43c653caa', 'edcd6cec-aba1-4658-bbeb-6b641f31ec7e', 1, '2025-12-26 00:37:44.642896+00', NULL, NULL, NULL, NULL, NULL, NULL),
	('4c077b04-d071-44d7-b106-a16654f31ff7', '4350633c-c460-4d2f-a9de-9d71332889a4', 'ae17c124-086d-4d7c-8bfc-5c0f2d4668ab', NULL, 1, '2025-12-26 00:37:44.642896+00', 'small', NULL, NULL, NULL, NULL, NULL),
	('8121085c-93c1-4cac-8838-e8499230ca2a', '4350633c-c460-4d2f-a9de-9d71332889a4', 'dab37724-10f1-46ec-b569-8d9021517b2d', 'edcd6cec-aba1-4658-bbeb-6b641f31ec7e', 1, '2025-12-26 00:37:44.642896+00', NULL, NULL, NULL, NULL, NULL, NULL),
	('b2b5c29e-9e20-424b-8c5d-1c1d070fdd96', '4350633c-c460-4d2f-a9de-9d71332889a4', 'ffbfc15d-2f5e-4214-82eb-16d8fd786812', 'edcd6cec-aba1-4658-bbeb-6b641f31ec7e', 1, '2025-12-26 00:37:44.642896+00', NULL, NULL, NULL, NULL, NULL, NULL),
	('944d2547-7341-47af-95e5-2c1ddf1dac30', '4350633c-c460-4d2f-a9de-9d71332889a4', '525af5bb-9bc1-4dd7-888a-792631e5bc5e', 'edcd6cec-aba1-4658-bbeb-6b641f31ec7e', 1, '2025-12-26 00:37:44.642896+00', NULL, NULL, NULL, NULL, NULL, NULL),
	('2480cf73-bd8e-48ef-9004-baa46e0ff0d9', '4350633c-c460-4d2f-a9de-9d71332889a4', 'd2089c5f-84ad-4240-ab26-e8a60b0c2883', NULL, 1, '2025-12-26 00:37:44.642896+00', 'small', NULL, NULL, NULL, NULL, NULL),
	('2bf872fe-744b-4506-a13a-7ad69aaccc74', '4350633c-c460-4d2f-a9de-9d71332889a4', 'ed62cf1e-c1ca-41cd-bb04-abf56d2df379', NULL, 10, '2025-12-26 00:37:44.642896+00', NULL, NULL, NULL, NULL, NULL, NULL),
	('cea02b36-9781-4c53-9740-e1c90b348ae2', '4350633c-c460-4d2f-a9de-9d71332889a4', '89ca3c56-407c-443d-92ec-ea929bc9342b', NULL, 10, '2025-12-26 00:37:44.642896+00', NULL, NULL, NULL, NULL, NULL, NULL),
	('c2491ffa-38c7-4b00-8204-4e8621ecb4bf', '4350633c-c460-4d2f-a9de-9d71332889a4', '9ba98df4-f51d-4b1f-b512-15fc0595fed6', NULL, 10, '2025-12-26 00:37:44.642896+00', NULL, '98a972a9-b1f4-41cc-9b33-3d4189eab136', NULL, NULL, NULL, NULL),
	('c699cbb2-74eb-4fe6-94b0-c5fc9a8868e5', '4350633c-c460-4d2f-a9de-9d71332889a4', 'eb8b168d-295d-4cdc-991a-2519be737fe6', NULL, 10, '2025-12-26 00:37:44.642896+00', NULL, NULL, NULL, NULL, NULL, NULL),
	('82de202a-7713-421b-8521-aa33b4d1ed13', '4350633c-c460-4d2f-a9de-9d71332889a4', 'b6403653-637b-44bc-867f-a0e71a052ef2', NULL, 10, '2025-12-26 00:37:44.642896+00', NULL, '2c5e89ce-5ec5-448c-828b-bf966ff572f5', NULL, NULL, NULL, NULL),
	('e3a38175-da70-4ff5-b9c7-97dfbb01a10c', '4350633c-c460-4d2f-a9de-9d71332889a4', '33785882-e401-4340-9634-fc6afb0c1316', NULL, 10, '2025-12-26 00:37:44.642896+00', NULL, NULL, NULL, NULL, NULL, NULL),
	('4d6bd13f-85e9-4f7f-9a91-58b243fd9456', '4350633c-c460-4d2f-a9de-9d71332889a4', '74208092-3737-4e08-be3c-000618e799f4', NULL, 10, '2025-12-26 00:37:44.642896+00', NULL, NULL, NULL, NULL, NULL, NULL),
	('19da5119-9395-4424-a75c-a298ff345d26', '4350633c-c460-4d2f-a9de-9d71332889a4', 'fe06093f-201f-4508-9b96-91372697271e', NULL, 10, '2025-12-26 00:37:44.642896+00', NULL, NULL, NULL, NULL, NULL, NULL),
	('af21feeb-e216-4896-af49-4bc4a52ec2a0', '4350633c-c460-4d2f-a9de-9d71332889a4', 'd11cbac4-d253-484a-adad-88037575d57c', NULL, 10, '2025-12-26 00:37:44.642896+00', NULL, NULL, NULL, NULL, NULL, NULL),
	('ff80336a-2e3c-4e0b-b5da-30a0eacfb9fa', '4350633c-c460-4d2f-a9de-9d71332889a4', '769c005c-f0c0-4107-8b5c-ad52ffea2dee', NULL, 1, '2025-12-26 00:37:44.642896+00', 'small', NULL, NULL, NULL, NULL, NULL),
	('85489358-5469-4c03-aa77-810277f59f10', '4350633c-c460-4d2f-a9de-9d71332889a4', 'b682b83f-fd6e-4e36-8a68-f4b2b8c17da9', NULL, 1, '2025-12-26 00:37:44.642896+00', 'big', NULL, NULL, NULL, NULL, NULL),
	('ec1cd4a9-09df-4374-b428-40e2d5665067', '4350633c-c460-4d2f-a9de-9d71332889a4', 'b6a50b14-c250-42d2-a7b0-3eb4f7b29fef', NULL, 1, '2025-12-26 00:37:44.642896+00', 'small', NULL, NULL, NULL, '62f8b2fc-884f-4bbb-885e-480b6cd4b5c7', NULL),
	('a1a3a551-81b1-4679-8002-fd106f6304c5', '4350633c-c460-4d2f-a9de-9d71332889a4', 'b6a50b14-c250-42d2-a7b0-3eb4f7b29fef', NULL, 1, '2025-12-26 00:37:44.642896+00', 'small', NULL, NULL, NULL, '7509b198-608b-4b24-a38a-88779754f759', NULL),
	('89501c1d-1539-41dc-a9f7-d440e3950212', '4350633c-c460-4d2f-a9de-9d71332889a4', 'f222778c-fb1c-4070-91d7-cebe5da9327c', NULL, 1, '2025-12-26 00:37:44.642896+00', 'big', NULL, NULL, NULL, NULL, NULL),
	('b0a46ae8-4147-4935-aa41-755093a6f1cf', '4350633c-c460-4d2f-a9de-9d71332889a4', '8320bdf9-4050-4d19-b1cf-be28c0982b73', NULL, 1, '2025-12-26 00:37:44.642896+00', 'big', NULL, NULL, NULL, NULL, NULL),
	('5ce5a138-f9f2-4251-81b3-f3e6cfe47d55', 'acaf8df4-1fb2-4ab8-93f5-b1570f0233d1', 'cf038ad4-c3ce-4412-b323-ee79d86f32eb', 'aaab4697-2193-46b1-9e06-71b6e8f11549', 1, '2025-12-28 14:35:41.384173+00', NULL, NULL, NULL, NULL, NULL, NULL),
	('00da0894-264f-4407-8dcd-c90aec04f98d', '598273bc-fdee-4f20-9414-c7a56a2915a4', '6e30d066-dc02-4fe4-9b03-ad3d8259e5bb', 'aaab4697-2193-46b1-9e06-71b6e8f11549', 1, '2025-12-29 09:28:52.922522+00', NULL, NULL, NULL, NULL, NULL, NULL),
	('93abdb0e-e6ce-453b-9ac0-48e8c945ae09', '598273bc-fdee-4f20-9414-c7a56a2915a4', '2e72be5f-09a0-43a6-922e-a7e870c59cc1', 'aaab4697-2193-46b1-9e06-71b6e8f11549', 1, '2025-12-29 09:28:52.922522+00', NULL, NULL, NULL, NULL, NULL, NULL),
	('dfb7d72f-b68a-43a8-9514-18a6ef3da911', '598273bc-fdee-4f20-9414-c7a56a2915a4', 'd1b5cda2-07b7-4e77-8982-60b636308846', 'aaab4697-2193-46b1-9e06-71b6e8f11549', 1, '2025-12-29 09:28:52.922522+00', NULL, NULL, NULL, NULL, NULL, NULL),
	('1ceded59-3752-4e81-bac7-470fb8c656c4', '598273bc-fdee-4f20-9414-c7a56a2915a4', '5ebdae8a-89a4-424e-b942-cbd57ab8208c', NULL, 1, '2025-12-29 09:28:52.922522+00', 'big', NULL, NULL, NULL, NULL, NULL),
	('4ddf2e40-78b0-4b72-9ce4-1ce83c5c6896', '598273bc-fdee-4f20-9414-c7a56a2915a4', '0998edaa-3c8b-4e4a-9e2d-82404cd16f5e', '618d9965-252b-4c12-ba32-c479e959a6c4', 1, '2025-12-29 09:28:52.922522+00', NULL, NULL, NULL, NULL, NULL, NULL),
	('6de7e75b-51f5-4e85-b619-e1608ea37d3f', '598273bc-fdee-4f20-9414-c7a56a2915a4', 'c63435bb-03ca-49d3-bd9d-b6224e64eab0', 'aaab4697-2193-46b1-9e06-71b6e8f11549', 1, '2025-12-29 09:28:52.922522+00', NULL, NULL, NULL, NULL, NULL, NULL),
	('0167e8d2-69d2-4bff-a66c-1e3b5411a0b0', '598273bc-fdee-4f20-9414-c7a56a2915a4', 'cccfddd5-82e4-401e-b3fb-d47f80c7c287', 'aaab4697-2193-46b1-9e06-71b6e8f11549', 1, '2025-12-29 09:28:52.922522+00', NULL, NULL, NULL, NULL, NULL, NULL),
	('323217a3-5f20-40d5-9ff3-385894204a6a', '598273bc-fdee-4f20-9414-c7a56a2915a4', '16efee4e-7bc5-4ad3-9596-e2a8f91c2c78', 'aaab4697-2193-46b1-9e06-71b6e8f11549', 1, '2025-12-29 09:28:52.922522+00', NULL, NULL, NULL, NULL, NULL, NULL),
	('eb1df16e-5275-4d05-897d-a6954654c72b', '598273bc-fdee-4f20-9414-c7a56a2915a4', 'ae17c124-086d-4d7c-8bfc-5c0f2d4668ab', NULL, 1, '2025-12-29 09:28:52.922522+00', 'big', NULL, NULL, NULL, NULL, NULL),
	('53547308-20ee-4c33-b784-be2a3c59500c', '598273bc-fdee-4f20-9414-c7a56a2915a4', 'dab37724-10f1-46ec-b569-8d9021517b2d', 'aaab4697-2193-46b1-9e06-71b6e8f11549', 1, '2025-12-29 09:28:52.922522+00', NULL, NULL, NULL, NULL, NULL, NULL),
	('e76ae8af-3224-4c81-8225-73c566d37926', '598273bc-fdee-4f20-9414-c7a56a2915a4', 'cbf45b01-1df9-4d4c-9db9-bd64dd2f8160', 'aaab4697-2193-46b1-9e06-71b6e8f11549', 1, '2025-12-29 09:28:52.922522+00', NULL, NULL, NULL, NULL, NULL, NULL),
	('0172a419-f460-4a95-b60f-6364e7d2368a', '598273bc-fdee-4f20-9414-c7a56a2915a4', 'ed62cf1e-c1ca-41cd-bb04-abf56d2df379', NULL, 10, '2025-12-29 09:28:52.922522+00', NULL, NULL, NULL, NULL, NULL, NULL),
	('6f762269-8d16-462b-980f-234a49a8106b', '598273bc-fdee-4f20-9414-c7a56a2915a4', '89ca3c56-407c-443d-92ec-ea929bc9342b', NULL, 10, '2025-12-29 09:28:52.922522+00', NULL, NULL, NULL, NULL, NULL, NULL),
	('46bf9c6f-9040-4e9d-ac6a-c377066eebca', '598273bc-fdee-4f20-9414-c7a56a2915a4', '9ba98df4-f51d-4b1f-b512-15fc0595fed6', NULL, 10, '2025-12-29 09:28:52.922522+00', NULL, '6a538e9e-ab38-498e-b22a-6258df7caa68', NULL, NULL, NULL, NULL),
	('bec06a5d-3d5f-40e1-85b9-34937d0a4b96', '598273bc-fdee-4f20-9414-c7a56a2915a4', 'eb8b168d-295d-4cdc-991a-2519be737fe6', NULL, 10, '2025-12-29 09:28:52.922522+00', NULL, NULL, NULL, NULL, NULL, NULL),
	('80f07c3f-b9a7-4f49-8f7f-5f9e9aa91a15', '598273bc-fdee-4f20-9414-c7a56a2915a4', '636e4d1a-c835-4d8f-8593-b79bace0741f', NULL, 10, '2025-12-29 09:28:52.922522+00', NULL, NULL, NULL, NULL, NULL, NULL),
	('f28b6846-013e-4b29-a09d-3e6119b9465f', '598273bc-fdee-4f20-9414-c7a56a2915a4', '9690a702-c1d7-457f-a881-39ace7b39d1a', NULL, 20, '2025-12-29 09:28:52.922522+00', NULL, NULL, NULL, NULL, NULL, NULL),
	('19bb4260-b482-4875-a4d6-e79ade913213', '598273bc-fdee-4f20-9414-c7a56a2915a4', '74208092-3737-4e08-be3c-000618e799f4', NULL, 10, '2025-12-29 09:28:52.922522+00', NULL, NULL, NULL, NULL, NULL, NULL),
	('68a4b681-c484-49c1-83b5-3526f846dc5a', '598273bc-fdee-4f20-9414-c7a56a2915a4', 'd11cbac4-d253-484a-adad-88037575d57c', NULL, 10, '2025-12-29 09:28:52.922522+00', NULL, NULL, NULL, NULL, NULL, NULL),
	('cca06731-cdc5-4707-b3eb-0ca78aacbc05', '598273bc-fdee-4f20-9414-c7a56a2915a4', 'ea43b995-d754-4792-86c2-a7605c558d55', NULL, 10, '2025-12-29 09:28:52.922522+00', NULL, NULL, NULL, NULL, NULL, NULL),
	('4e5730d5-09b8-4fba-a960-d0b57f769862', '598273bc-fdee-4f20-9414-c7a56a2915a4', 'b6a50b14-c250-42d2-a7b0-3eb4f7b29fef', NULL, 1, '2025-12-29 09:28:52.922522+00', 'big', NULL, NULL, NULL, '62f8b2fc-884f-4bbb-885e-480b6cd4b5c7', NULL),
	('fdbe4393-74d7-426b-b921-6a1a2c83e6ee', '598273bc-fdee-4f20-9414-c7a56a2915a4', 'b6a50b14-c250-42d2-a7b0-3eb4f7b29fef', NULL, 1, '2025-12-29 09:28:52.922522+00', 'big', NULL, NULL, NULL, '7509b198-608b-4b24-a38a-88779754f759', NULL),
	('2817d6dc-fd33-4ae3-b2a1-18932187547b', '598273bc-fdee-4f20-9414-c7a56a2915a4', 'f362281e-8f73-480c-bab3-dea2b252b395', NULL, 1, '2025-12-29 09:28:52.922522+00', 'big', NULL, NULL, NULL, NULL, NULL),
	('b4b3ed67-8dec-4529-af92-16fecfda3b6c', '598273bc-fdee-4f20-9414-c7a56a2915a4', 'f222778c-fb1c-4070-91d7-cebe5da9327c', NULL, 1, '2025-12-29 09:28:52.922522+00', 'big', NULL, NULL, NULL, NULL, NULL),
	('602f4e31-f1e4-43d0-9ee4-783475d727f9', '6dcd9e93-182f-4dde-a7c7-b5db90dfe7fb', '6e30d066-dc02-4fe4-9b03-ad3d8259e5bb', 'aaab4697-2193-46b1-9e06-71b6e8f11549', 1, '2025-12-29 09:35:28.437538+00', NULL, NULL, NULL, NULL, NULL, NULL),
	('ad84c491-32a3-4467-bd91-ed8318c35994', '6dcd9e93-182f-4dde-a7c7-b5db90dfe7fb', '2e72be5f-09a0-43a6-922e-a7e870c59cc1', 'aaab4697-2193-46b1-9e06-71b6e8f11549', 1, '2025-12-29 09:35:28.437538+00', NULL, NULL, NULL, NULL, NULL, NULL),
	('c3a8f91a-af9d-4115-b429-b2455a34e8ee', '6dcd9e93-182f-4dde-a7c7-b5db90dfe7fb', 'd1b5cda2-07b7-4e77-8982-60b636308846', 'aaab4697-2193-46b1-9e06-71b6e8f11549', 1, '2025-12-29 09:35:28.437538+00', NULL, NULL, NULL, NULL, NULL, NULL),
	('3a7f5511-7296-44a3-8dc2-ea2e607a9c77', '6dcd9e93-182f-4dde-a7c7-b5db90dfe7fb', '5ebdae8a-89a4-424e-b942-cbd57ab8208c', NULL, 1, '2025-12-29 09:35:28.437538+00', 'big', NULL, NULL, NULL, NULL, NULL),
	('1aa191dc-4335-4de6-b91d-e5e266cf16c4', '6dcd9e93-182f-4dde-a7c7-b5db90dfe7fb', '0998edaa-3c8b-4e4a-9e2d-82404cd16f5e', '618d9965-252b-4c12-ba32-c479e959a6c4', 1, '2025-12-29 09:35:28.437538+00', NULL, NULL, NULL, NULL, NULL, NULL),
	('8e92e4ad-8ffc-485f-9a97-9cfd2bdee0e5', '6dcd9e93-182f-4dde-a7c7-b5db90dfe7fb', 'c63435bb-03ca-49d3-bd9d-b6224e64eab0', 'aaab4697-2193-46b1-9e06-71b6e8f11549', 1, '2025-12-29 09:35:28.437538+00', NULL, NULL, NULL, NULL, NULL, NULL),
	('3980f4c2-4415-4561-a50b-53eb2316817f', '6dcd9e93-182f-4dde-a7c7-b5db90dfe7fb', 'cccfddd5-82e4-401e-b3fb-d47f80c7c287', 'aaab4697-2193-46b1-9e06-71b6e8f11549', 1, '2025-12-29 09:35:28.437538+00', NULL, NULL, NULL, NULL, NULL, NULL),
	('95119ee6-cf01-4bb4-9a6a-1a42edb1ace5', '6dcd9e93-182f-4dde-a7c7-b5db90dfe7fb', '16efee4e-7bc5-4ad3-9596-e2a8f91c2c78', 'aaab4697-2193-46b1-9e06-71b6e8f11549', 1, '2025-12-29 09:35:28.437538+00', NULL, NULL, NULL, NULL, NULL, NULL),
	('13e4113f-36c3-479a-b41c-ee3a2bf37c3c', '6dcd9e93-182f-4dde-a7c7-b5db90dfe7fb', 'ae17c124-086d-4d7c-8bfc-5c0f2d4668ab', NULL, 1, '2025-12-29 09:35:28.437538+00', 'big', NULL, NULL, NULL, NULL, NULL),
	('d3ae415d-cb3b-4b91-bb8a-70302d9b2bed', '6dcd9e93-182f-4dde-a7c7-b5db90dfe7fb', 'dab37724-10f1-46ec-b569-8d9021517b2d', 'aaab4697-2193-46b1-9e06-71b6e8f11549', 1, '2025-12-29 09:35:28.437538+00', NULL, NULL, NULL, NULL, NULL, NULL),
	('f2fd1c6f-d1fb-487b-bfcb-784878ab2fdc', '6dcd9e93-182f-4dde-a7c7-b5db90dfe7fb', 'cbf45b01-1df9-4d4c-9db9-bd64dd2f8160', 'aaab4697-2193-46b1-9e06-71b6e8f11549', 1, '2025-12-29 09:35:28.437538+00', NULL, NULL, NULL, NULL, NULL, NULL),
	('9746ca54-190c-4985-b1b6-8190919d33cc', '6dcd9e93-182f-4dde-a7c7-b5db90dfe7fb', 'ed62cf1e-c1ca-41cd-bb04-abf56d2df379', NULL, 10, '2025-12-29 09:35:28.437538+00', NULL, NULL, NULL, NULL, NULL, NULL),
	('e49a414c-702b-4d23-afd6-d65bc88aa5e7', '6dcd9e93-182f-4dde-a7c7-b5db90dfe7fb', '89ca3c56-407c-443d-92ec-ea929bc9342b', NULL, 10, '2025-12-29 09:35:28.437538+00', NULL, NULL, NULL, NULL, NULL, NULL),
	('2ff85ff7-5cac-4931-8dfb-be4777254bb8', '6dcd9e93-182f-4dde-a7c7-b5db90dfe7fb', '9ba98df4-f51d-4b1f-b512-15fc0595fed6', NULL, 10, '2025-12-29 09:35:28.437538+00', NULL, '6a538e9e-ab38-498e-b22a-6258df7caa68', NULL, NULL, NULL, NULL),
	('198de3c6-a0ea-42d1-80db-3a013a2ae6ba', '6dcd9e93-182f-4dde-a7c7-b5db90dfe7fb', 'eb8b168d-295d-4cdc-991a-2519be737fe6', NULL, 10, '2025-12-29 09:35:28.437538+00', NULL, NULL, NULL, NULL, NULL, NULL),
	('214ce60b-9dd6-44f9-b116-c1031aa15180', '6dcd9e93-182f-4dde-a7c7-b5db90dfe7fb', '636e4d1a-c835-4d8f-8593-b79bace0741f', NULL, 10, '2025-12-29 09:35:28.437538+00', NULL, NULL, NULL, NULL, NULL, NULL),
	('d766ed8b-9ed0-4402-84b4-b4684bf69d59', '6dcd9e93-182f-4dde-a7c7-b5db90dfe7fb', '9690a702-c1d7-457f-a881-39ace7b39d1a', NULL, 20, '2025-12-29 09:35:28.437538+00', NULL, NULL, NULL, NULL, NULL, NULL),
	('85359e32-2820-4476-bed2-c7420d012082', '6dcd9e93-182f-4dde-a7c7-b5db90dfe7fb', '74208092-3737-4e08-be3c-000618e799f4', NULL, 10, '2025-12-29 09:35:28.437538+00', NULL, NULL, NULL, NULL, NULL, NULL),
	('c1a36ff0-c6fc-465f-9a02-f4b50175de8d', '6dcd9e93-182f-4dde-a7c7-b5db90dfe7fb', 'd11cbac4-d253-484a-adad-88037575d57c', NULL, 10, '2025-12-29 09:35:28.437538+00', NULL, NULL, NULL, NULL, NULL, NULL),
	('b5a8bc67-b3fb-4740-be24-10062be6e89c', '6dcd9e93-182f-4dde-a7c7-b5db90dfe7fb', 'ea43b995-d754-4792-86c2-a7605c558d55', NULL, 10, '2025-12-29 09:35:28.437538+00', NULL, NULL, NULL, NULL, NULL, NULL),
	('c3b3a123-aba6-4678-8193-e595bae6ff5a', '6dcd9e93-182f-4dde-a7c7-b5db90dfe7fb', 'b6a50b14-c250-42d2-a7b0-3eb4f7b29fef', NULL, 1, '2025-12-29 09:35:28.437538+00', 'big', NULL, NULL, NULL, '62f8b2fc-884f-4bbb-885e-480b6cd4b5c7', NULL),
	('d8c071f2-8023-4c10-833b-79814f2ed3cf', '6dcd9e93-182f-4dde-a7c7-b5db90dfe7fb', 'b6a50b14-c250-42d2-a7b0-3eb4f7b29fef', NULL, 1, '2025-12-29 09:35:28.437538+00', 'big', NULL, NULL, NULL, '7509b198-608b-4b24-a38a-88779754f759', NULL),
	('3bbf8a1b-41a5-4b60-a65b-ae0169825b6a', '6dcd9e93-182f-4dde-a7c7-b5db90dfe7fb', 'f362281e-8f73-480c-bab3-dea2b252b395', NULL, 1, '2025-12-29 09:35:28.437538+00', 'big', NULL, NULL, NULL, NULL, NULL),
	('8b3b4f85-e4b0-43b3-9d78-87610426268d', '6dcd9e93-182f-4dde-a7c7-b5db90dfe7fb', 'f222778c-fb1c-4070-91d7-cebe5da9327c', NULL, 1, '2025-12-29 09:35:28.437538+00', 'big', NULL, NULL, NULL, NULL, NULL),
	('35c8c539-b99b-4a5c-844d-185e7ab7f47b', '243cafe5-ad48-4b03-bbfa-7f28ebb64ff5', '2e72be5f-09a0-43a6-922e-a7e870c59cc1', 'aaab4697-2193-46b1-9e06-71b6e8f11549', 1, '2026-01-01 18:56:17.932125+00', NULL, NULL, NULL, NULL, NULL, NULL),
	('8381772f-8209-4324-93ef-115130065dca', '243cafe5-ad48-4b03-bbfa-7f28ebb64ff5', '2e72be5f-09a0-43a6-922e-a7e870c59cc1', NULL, 1, '2026-01-01 18:56:17.932125+00', NULL, NULL, NULL, NULL, NULL, NULL),
	('74631d3e-4732-4ee3-9d73-8dafb0c1faa9', '243cafe5-ad48-4b03-bbfa-7f28ebb64ff5', '8636bcf3-ec90-4eb7-811b-b7cd3a1a2a5e', 'aaab4697-2193-46b1-9e06-71b6e8f11549', 1, '2026-01-01 18:56:17.932125+00', NULL, NULL, NULL, NULL, NULL, NULL),
	('6b0bcaa2-6cc4-40cd-833e-7f325dcf9681', '243cafe5-ad48-4b03-bbfa-7f28ebb64ff5', '8636bcf3-ec90-4eb7-811b-b7cd3a1a2a5e', NULL, 1, '2026-01-01 18:56:17.932125+00', NULL, NULL, 'd6a9621d-3b0e-4f8f-971d-149b7aba7876', NULL, NULL, NULL),
	('15adfe5f-3994-43dd-b171-20fc8609b4ca', '243cafe5-ad48-4b03-bbfa-7f28ebb64ff5', '5ebdae8a-89a4-424e-b942-cbd57ab8208c', NULL, 2, '2026-01-01 18:56:17.932125+00', 'big', NULL, NULL, NULL, NULL, NULL),
	('19ea9de2-8e77-4fcd-962e-a5668665181c', '243cafe5-ad48-4b03-bbfa-7f28ebb64ff5', 'd2089c5f-84ad-4240-ab26-e8a60b0c2883', NULL, 2, '2026-01-01 18:56:17.932125+00', 'big', NULL, NULL, NULL, NULL, NULL),
	('60397530-0076-4ebe-a0aa-6a445b84001c', '243cafe5-ad48-4b03-bbfa-7f28ebb64ff5', '90b462f0-e794-4efd-898b-0fdbee92e10b', NULL, 50, '2026-01-01 18:56:17.932125+00', NULL, '01003df3-48a2-44f4-873c-ffc2f02377cb', NULL, NULL, NULL, NULL),
	('01fbcb81-8d0f-4d04-832d-b833c09a6509', '243cafe5-ad48-4b03-bbfa-7f28ebb64ff5', '242eefda-89ea-4aa6-8d63-17c4e9e25212', NULL, 50, '2026-01-01 18:56:17.932125+00', NULL, NULL, NULL, NULL, NULL, NULL),
	('aef8f37c-ea29-4310-93a7-0ac736b1600c', '243cafe5-ad48-4b03-bbfa-7f28ebb64ff5', 'b7f09930-b9e3-438c-9362-0a6cf9e33ac7', NULL, 50, '2026-01-01 18:56:17.932125+00', NULL, NULL, NULL, NULL, NULL, NULL),
	('92647fbd-a980-43b3-b777-c49784f862f5', '243cafe5-ad48-4b03-bbfa-7f28ebb64ff5', '6f20fc64-6fd5-4477-8dbd-f639f21f3e67', NULL, 50, '2026-01-01 18:56:17.932125+00', NULL, NULL, NULL, NULL, NULL, NULL),
	('9d16d287-f9cb-4214-8201-30a88753c9b9', '243cafe5-ad48-4b03-bbfa-7f28ebb64ff5', 'eb8b168d-295d-4cdc-991a-2519be737fe6', NULL, 50, '2026-01-01 18:56:17.932125+00', NULL, NULL, NULL, NULL, NULL, NULL),
	('8443c00d-df4b-4cee-b76e-6f6e314770b6', '243cafe5-ad48-4b03-bbfa-7f28ebb64ff5', '74208092-3737-4e08-be3c-000618e799f4', NULL, 50, '2026-01-01 18:56:17.932125+00', NULL, NULL, NULL, NULL, NULL, NULL),
	('bc523f18-d937-4e27-b1c5-cfe809488f63', '243cafe5-ad48-4b03-bbfa-7f28ebb64ff5', 'fe06093f-201f-4508-9b96-91372697271e', NULL, 100, '2026-01-01 18:56:17.932125+00', NULL, NULL, NULL, NULL, NULL, NULL),
	('21b29883-1ecb-4a33-b242-5884389a0ccc', '243cafe5-ad48-4b03-bbfa-7f28ebb64ff5', '69829f03-a3e5-4657-9aff-7fcee2313b8e', NULL, 50, '2026-01-01 18:56:17.932125+00', NULL, NULL, NULL, NULL, NULL, NULL),
	('d9851c8e-c222-46b7-be01-9ac0faa7574c', '243cafe5-ad48-4b03-bbfa-7f28ebb64ff5', '769c005c-f0c0-4107-8b5c-ad52ffea2dee', NULL, 2, '2026-01-01 18:56:17.932125+00', 'big', NULL, NULL, NULL, NULL, NULL),
	('9bb99657-a6e1-425a-b68b-8914dc177cb0', '243cafe5-ad48-4b03-bbfa-7f28ebb64ff5', 'b682b83f-fd6e-4e36-8a68-f4b2b8c17da9', NULL, 2, '2026-01-01 18:56:17.932125+00', 'big', NULL, NULL, NULL, NULL, NULL),
	('38030a4d-a818-45bd-8ca7-ef8526280e3e', '243cafe5-ad48-4b03-bbfa-7f28ebb64ff5', 'a883d20a-5e50-4035-85c8-5bc2c41e378d', NULL, 2, '2026-01-01 18:56:17.932125+00', 'small', NULL, NULL, NULL, NULL, NULL),
	('bd8fd364-98ad-49d9-8b56-a7427c8f2e6f', '243cafe5-ad48-4b03-bbfa-7f28ebb64ff5', 'b6a50b14-c250-42d2-a7b0-3eb4f7b29fef', NULL, 1, '2026-01-01 18:56:17.932125+00', 'big', NULL, NULL, NULL, '62f8b2fc-884f-4bbb-885e-480b6cd4b5c7', NULL),
	('81ccd962-c81f-4f12-8fbc-9a10fd890bd9', '243cafe5-ad48-4b03-bbfa-7f28ebb64ff5', 'b6a50b14-c250-42d2-a7b0-3eb4f7b29fef', NULL, 1, '2026-01-01 18:56:17.932125+00', 'big', NULL, NULL, NULL, '7509b198-608b-4b24-a38a-88779754f759', NULL),
	('b7edd214-7e1c-4f0c-a277-20c49dbbc94c', '243cafe5-ad48-4b03-bbfa-7f28ebb64ff5', '428f3bdc-b8d4-4002-8ad2-66fc7e14db4d', NULL, 2, '2026-01-01 18:56:17.932125+00', 'big', NULL, NULL, NULL, NULL, NULL),
	('c8d9d881-18f1-4522-a3ae-d8df70378d8e', '243cafe5-ad48-4b03-bbfa-7f28ebb64ff5', 'c79f614e-fedd-4130-a8e2-558f6a218fbb', NULL, 2, '2026-01-01 18:56:17.932125+00', 'big', 'dcaf8162-a80e-4df6-88db-6bcc063756e6', NULL, NULL, NULL, NULL),
	('9c70370d-fc12-441f-bd61-2da3113c89d8', '7f72109b-19e1-4f8a-8140-1162256ad3d9', '6e30d066-dc02-4fe4-9b03-ad3d8259e5bb', 'aaab4697-2193-46b1-9e06-71b6e8f11549', 1, '2026-01-01 19:20:47.556865+00', NULL, NULL, NULL, NULL, NULL, NULL),
	('baef9917-1454-4a71-a38d-eacea122a8f2', '7f72109b-19e1-4f8a-8140-1162256ad3d9', '2e72be5f-09a0-43a6-922e-a7e870c59cc1', 'aaab4697-2193-46b1-9e06-71b6e8f11549', 1, '2026-01-01 19:20:47.556865+00', NULL, NULL, NULL, NULL, NULL, NULL),
	('fa369adc-91a1-41de-b187-75f03be6ffde', '7f72109b-19e1-4f8a-8140-1162256ad3d9', '8636bcf3-ec90-4eb7-811b-b7cd3a1a2a5e', 'aaab4697-2193-46b1-9e06-71b6e8f11549', 1, '2026-01-01 19:20:47.556865+00', NULL, NULL, NULL, NULL, NULL, NULL),
	('3b98b3a5-c214-4275-9b79-725dbe589ae7', '7f72109b-19e1-4f8a-8140-1162256ad3d9', '8636bcf3-ec90-4eb7-811b-b7cd3a1a2a5e', NULL, 1, '2026-01-01 19:20:47.556865+00', NULL, NULL, 'd6a9621d-3b0e-4f8f-971d-149b7aba7876', NULL, NULL, NULL),
	('61e4e3b9-302f-4997-8f19-dc69c10df021', '7f72109b-19e1-4f8a-8140-1162256ad3d9', '98a92763-e2e1-4b9f-b430-7a0aba96b0b1', 'aaab4697-2193-46b1-9e06-71b6e8f11549', 1, '2026-01-01 19:20:47.556865+00', NULL, NULL, NULL, NULL, NULL, NULL),
	('cb918d60-0aed-4ffa-8daa-617ac78e9805', '7f72109b-19e1-4f8a-8140-1162256ad3d9', 'd783e05c-d720-430b-b09b-7c684f040575', 'aaab4697-2193-46b1-9e06-71b6e8f11549', 1, '2026-01-01 19:20:47.556865+00', NULL, NULL, NULL, NULL, NULL, NULL),
	('a111d4b4-7a8f-4ee5-b471-60da8f61e215', '7f72109b-19e1-4f8a-8140-1162256ad3d9', '5ebdae8a-89a4-424e-b942-cbd57ab8208c', NULL, 2, '2026-01-01 19:20:47.556865+00', 'big', NULL, NULL, NULL, NULL, NULL),
	('a6bc57de-5f78-451d-bcad-1eff3d8f656b', '7f72109b-19e1-4f8a-8140-1162256ad3d9', '0998edaa-3c8b-4e4a-9e2d-82404cd16f5e', 'aaab4697-2193-46b1-9e06-71b6e8f11549', 1, '2026-01-01 19:20:47.556865+00', NULL, NULL, NULL, NULL, NULL, NULL),
	('bf329545-5575-4f23-9c61-257ca2417ca8', '7f72109b-19e1-4f8a-8140-1162256ad3d9', '9ee0aa9c-86ac-4a6b-82ed-dbcbb423772e', 'aaab4697-2193-46b1-9e06-71b6e8f11549', 1, '2026-01-01 19:20:47.556865+00', NULL, NULL, NULL, NULL, NULL, NULL),
	('8dc8dc06-e616-4eb7-956b-951a083c8dee', '7f72109b-19e1-4f8a-8140-1162256ad3d9', 'cbf45b01-1df9-4d4c-9db9-bd64dd2f8160', 'aaab4697-2193-46b1-9e06-71b6e8f11549', 1, '2026-01-01 19:20:47.556865+00', NULL, NULL, NULL, NULL, NULL, NULL),
	('16707204-719f-4598-b3d5-ff3b1d5daf2f', '7f72109b-19e1-4f8a-8140-1162256ad3d9', 'ffbfc15d-2f5e-4214-82eb-16d8fd786812', 'aaab4697-2193-46b1-9e06-71b6e8f11549', 1, '2026-01-01 19:20:47.556865+00', NULL, NULL, NULL, NULL, NULL, NULL),
	('95a361a3-b938-472f-afba-c3e53540b6c5', '7f72109b-19e1-4f8a-8140-1162256ad3d9', 'd2089c5f-84ad-4240-ab26-e8a60b0c2883', NULL, 2, '2026-01-01 19:20:47.556865+00', 'big', NULL, NULL, NULL, NULL, NULL),
	('af1e3bd7-a538-4de6-85c6-a64b390cacd4', '7f72109b-19e1-4f8a-8140-1162256ad3d9', '90b462f0-e794-4efd-898b-0fdbee92e10b', NULL, 50, '2026-01-01 19:20:47.556865+00', NULL, '01003df3-48a2-44f4-873c-ffc2f02377cb', NULL, NULL, NULL, NULL),
	('be41d68e-2a51-4a3f-959b-59234f7c037b', '7f72109b-19e1-4f8a-8140-1162256ad3d9', '242eefda-89ea-4aa6-8d63-17c4e9e25212', NULL, 50, '2026-01-01 19:20:47.556865+00', NULL, NULL, NULL, NULL, NULL, NULL),
	('52b3dfa5-ab48-479b-b9b9-9083138e65f5', '7f72109b-19e1-4f8a-8140-1162256ad3d9', 'b7f09930-b9e3-438c-9362-0a6cf9e33ac7', NULL, 50, '2026-01-01 19:20:47.556865+00', NULL, NULL, NULL, NULL, NULL, NULL),
	('bc78c4f7-ea3c-40cf-a1ac-0b5a1ad0fd7b', '7f72109b-19e1-4f8a-8140-1162256ad3d9', '6f20fc64-6fd5-4477-8dbd-f639f21f3e67', NULL, 50, '2026-01-01 19:20:47.556865+00', NULL, NULL, NULL, NULL, NULL, NULL),
	('eb9d5db1-5337-4e69-a4e4-a438f7221cd2', '7f72109b-19e1-4f8a-8140-1162256ad3d9', 'eb8b168d-295d-4cdc-991a-2519be737fe6', NULL, 50, '2026-01-01 19:20:47.556865+00', NULL, NULL, NULL, NULL, NULL, NULL),
	('8ba3f576-217f-43c8-9494-fe3263433ab6', '7f72109b-19e1-4f8a-8140-1162256ad3d9', '74208092-3737-4e08-be3c-000618e799f4', NULL, 50, '2026-01-01 19:20:47.556865+00', NULL, NULL, NULL, NULL, NULL, NULL),
	('e8e0dc41-a0c0-466f-8410-d1d49f2467a9', '7f72109b-19e1-4f8a-8140-1162256ad3d9', 'fe06093f-201f-4508-9b96-91372697271e', NULL, 100, '2026-01-01 19:20:47.556865+00', NULL, NULL, NULL, NULL, NULL, NULL),
	('b11234fd-2346-43a1-a489-f0f599de2326', '7f72109b-19e1-4f8a-8140-1162256ad3d9', '69829f03-a3e5-4657-9aff-7fcee2313b8e', NULL, 50, '2026-01-01 19:20:47.556865+00', NULL, NULL, NULL, NULL, NULL, NULL),
	('2e93f9cc-a943-47f8-8867-6ef41fd7bb5e', '7f72109b-19e1-4f8a-8140-1162256ad3d9', 'b6a50b14-c250-42d2-a7b0-3eb4f7b29fef', NULL, 1, '2026-01-01 19:20:47.556865+00', 'big', NULL, NULL, NULL, '62f8b2fc-884f-4bbb-885e-480b6cd4b5c7', NULL),
	('db0a6ca9-ed45-40e4-91c6-4fea3ba1ab7a', '7f72109b-19e1-4f8a-8140-1162256ad3d9', 'b6a50b14-c250-42d2-a7b0-3eb4f7b29fef', NULL, 1, '2026-01-01 19:20:47.556865+00', 'big', NULL, NULL, NULL, '7509b198-608b-4b24-a38a-88779754f759', NULL),
	('6d22f621-c291-495a-b8fe-5a4e3d9db762', '7f72109b-19e1-4f8a-8140-1162256ad3d9', '428f3bdc-b8d4-4002-8ad2-66fc7e14db4d', NULL, 2, '2026-01-01 19:20:47.556865+00', 'big', NULL, NULL, NULL, NULL, NULL),
	('6766b835-18eb-4518-94d7-24c20679618b', '7f72109b-19e1-4f8a-8140-1162256ad3d9', 'c79f614e-fedd-4130-a8e2-558f6a218fbb', NULL, 2, '2026-01-01 19:20:47.556865+00', 'big', NULL, NULL, NULL, NULL, NULL),
	('2d69c2ff-cd0f-4909-a290-2045e19aaabe', '01c4f19b-2052-4ced-a0c6-b286cf87a3dd', '2e72be5f-09a0-43a6-922e-a7e870c59cc1', NULL, 1, '2026-01-01 20:24:11.558329+00', NULL, NULL, NULL, NULL, NULL, NULL),
	('f61972e6-3909-4b17-a938-06d7768bde4e', '01c4f19b-2052-4ced-a0c6-b286cf87a3dd', '8636bcf3-ec90-4eb7-811b-b7cd3a1a2a5e', 'aaab4697-2193-46b1-9e06-71b6e8f11549', 1, '2026-01-01 20:24:11.558329+00', NULL, NULL, NULL, NULL, NULL, NULL),
	('a43b1166-d321-4b81-a274-03f2bc60d8da', '01c4f19b-2052-4ced-a0c6-b286cf87a3dd', '8636bcf3-ec90-4eb7-811b-b7cd3a1a2a5e', NULL, 1, '2026-01-01 20:24:11.558329+00', NULL, NULL, 'd6a9621d-3b0e-4f8f-971d-149b7aba7876', NULL, NULL, NULL),
	('ac8b827d-53f0-4d08-931c-e57ddec3d911', '01c4f19b-2052-4ced-a0c6-b286cf87a3dd', '5ebdae8a-89a4-424e-b942-cbd57ab8208c', NULL, 2, '2026-01-01 20:24:11.558329+00', 'big', NULL, NULL, NULL, NULL, NULL),
	('7a5581e2-8497-44bb-a5d6-5f3a6bb244e7', '01c4f19b-2052-4ced-a0c6-b286cf87a3dd', 'ae17c124-086d-4d7c-8bfc-5c0f2d4668ab', NULL, 2, '2026-01-01 20:24:11.558329+00', 'big', NULL, NULL, NULL, NULL, NULL),
	('e31b719c-cef1-4e64-97ee-f4f2cb76d23d', '01c4f19b-2052-4ced-a0c6-b286cf87a3dd', 'cbf45b01-1df9-4d4c-9db9-bd64dd2f8160', '618d9965-252b-4c12-ba32-c479e959a6c4', 1, '2026-01-01 20:24:11.558329+00', NULL, NULL, NULL, NULL, NULL, NULL),
	('95440d2d-a465-41c1-b91a-8c39bfebda0b', '01c4f19b-2052-4ced-a0c6-b286cf87a3dd', 'd2089c5f-84ad-4240-ab26-e8a60b0c2883', NULL, 2, '2026-01-01 20:24:11.558329+00', 'big', NULL, NULL, NULL, NULL, NULL),
	('9e2ad8f0-9824-4d09-a943-bbdba0dfcef0', '01c4f19b-2052-4ced-a0c6-b286cf87a3dd', '90b462f0-e794-4efd-898b-0fdbee92e10b', NULL, 50, '2026-01-01 20:24:11.558329+00', NULL, '01003df3-48a2-44f4-873c-ffc2f02377cb', NULL, NULL, NULL, NULL),
	('0957f61b-b070-4091-b6bc-795794b0de1a', '01c4f19b-2052-4ced-a0c6-b286cf87a3dd', '89ca3c56-407c-443d-92ec-ea929bc9342b', NULL, 50, '2026-01-01 20:24:11.558329+00', NULL, NULL, NULL, NULL, NULL, NULL),
	('422cb529-a5ba-48c1-9768-2cab301c4dc9', '01c4f19b-2052-4ced-a0c6-b286cf87a3dd', '3a4aaf6f-3927-43ce-b770-feefba8586aa', NULL, 50, '2026-01-01 20:24:11.558329+00', NULL, NULL, NULL, NULL, NULL, NULL),
	('63c90202-1c59-4c24-81c1-5e3e709a539c', '01c4f19b-2052-4ced-a0c6-b286cf87a3dd', 'deb8dac1-9616-47bc-9f2b-a6afefa8af0f', NULL, 50, '2026-01-01 20:24:11.558329+00', NULL, NULL, NULL, NULL, NULL, NULL),
	('ce595dce-2a32-44fd-85d0-4fbd96a00375', '01c4f19b-2052-4ced-a0c6-b286cf87a3dd', 'aa696d74-7d47-484c-98f0-bcc4810f7cad', NULL, 50, '2026-01-01 20:24:11.558329+00', NULL, 'f4fa3e3d-687f-4635-9550-3f3d45c7cb91', NULL, NULL, NULL, NULL),
	('9ccba9d2-063a-4e96-84b8-a969f2523850', '01c4f19b-2052-4ced-a0c6-b286cf87a3dd', 'eb8b168d-295d-4cdc-991a-2519be737fe6', NULL, 50, '2026-01-01 20:24:11.558329+00', NULL, NULL, NULL, NULL, NULL, NULL),
	('64695e3b-4574-4b2e-986d-ea189083dd0f', '01c4f19b-2052-4ced-a0c6-b286cf87a3dd', '74208092-3737-4e08-be3c-000618e799f4', NULL, 100, '2026-01-01 20:24:11.558329+00', NULL, NULL, NULL, NULL, NULL, NULL),
	('d1508f2a-8260-49de-94ff-7fc96fc75d9a', '01c4f19b-2052-4ced-a0c6-b286cf87a3dd', 'fe06093f-201f-4508-9b96-91372697271e', NULL, 50, '2026-01-01 20:24:11.558329+00', NULL, NULL, NULL, NULL, NULL, NULL),
	('36400a98-e120-4e83-ba5b-d6f2bc0c5c13', '01c4f19b-2052-4ced-a0c6-b286cf87a3dd', '769c005c-f0c0-4107-8b5c-ad52ffea2dee', NULL, 2, '2026-01-01 20:24:11.558329+00', 'big', NULL, NULL, NULL, NULL, NULL),
	('d6e91234-39d2-4149-a9af-ed03e3bb0928', '01c4f19b-2052-4ced-a0c6-b286cf87a3dd', 'b682b83f-fd6e-4e36-8a68-f4b2b8c17da9', NULL, 2, '2026-01-01 20:24:11.558329+00', 'big', NULL, NULL, NULL, NULL, NULL),
	('75bd228b-1876-4909-84ee-026fe31ddada', '01c4f19b-2052-4ced-a0c6-b286cf87a3dd', 'a883d20a-5e50-4035-85c8-5bc2c41e378d', NULL, 2, '2026-01-01 20:24:11.558329+00', 'big', NULL, NULL, NULL, NULL, NULL),
	('404e3c0f-1936-4d95-b311-c3c17346db4f', '01c4f19b-2052-4ced-a0c6-b286cf87a3dd', 'b6a50b14-c250-42d2-a7b0-3eb4f7b29fef', NULL, 2, '2026-01-01 20:24:11.558329+00', 'big', NULL, NULL, NULL, '62f8b2fc-884f-4bbb-885e-480b6cd4b5c7', NULL),
	('fcc166d4-0e28-4a26-b4bc-66aad08bf162', '01c4f19b-2052-4ced-a0c6-b286cf87a3dd', 'c79f614e-fedd-4130-a8e2-558f6a218fbb', NULL, 1, '2026-01-01 20:24:11.558329+00', 'big', 'dcaf8162-a80e-4df6-88db-6bcc063756e6', NULL, NULL, NULL, NULL),
	('ce31d352-2598-4da4-8e12-a2b360a29b95', '01c4f19b-2052-4ced-a0c6-b286cf87a3dd', '8320bdf9-4050-4d19-b1cf-be28c0982b73', NULL, 1, '2026-01-01 20:24:11.558329+00', 'big', NULL, NULL, NULL, NULL, NULL),
	('7a9fd6d7-29ee-4bba-8328-9f82e2622065', '25ed9099-09b6-4e83-ab5c-5ea6af90c8ac', '6e30d066-dc02-4fe4-9b03-ad3d8259e5bb', 'aaab4697-2193-46b1-9e06-71b6e8f11549', 1, '2026-01-01 20:25:45.449622+00', NULL, NULL, NULL, NULL, NULL, NULL),
	('abc4ffec-4a09-4dc1-a540-50fbcab2d13c', '25ed9099-09b6-4e83-ab5c-5ea6af90c8ac', '6e30d066-dc02-4fe4-9b03-ad3d8259e5bb', '1dd3da19-555e-4e6c-a943-5c6a995b73d9', 1, '2026-01-01 20:25:45.449622+00', NULL, NULL, NULL, NULL, NULL, NULL),
	('2bff7f07-5d64-4db4-bb4d-3e20f480c6ec', '25ed9099-09b6-4e83-ab5c-5ea6af90c8ac', '2e72be5f-09a0-43a6-922e-a7e870c59cc1', NULL, 1, '2026-01-01 20:25:45.449622+00', NULL, NULL, NULL, NULL, NULL, NULL),
	('df149675-b064-4d2a-8751-fae1326846ba', '25ed9099-09b6-4e83-ab5c-5ea6af90c8ac', '8636bcf3-ec90-4eb7-811b-b7cd3a1a2a5e', 'aaab4697-2193-46b1-9e06-71b6e8f11549', 1, '2026-01-01 20:25:45.449622+00', NULL, NULL, NULL, NULL, NULL, NULL),
	('8fd4d287-2e4b-4b7c-b03a-8fe4f29c2dd2', '25ed9099-09b6-4e83-ab5c-5ea6af90c8ac', '8636bcf3-ec90-4eb7-811b-b7cd3a1a2a5e', NULL, 1, '2026-01-01 20:25:45.449622+00', NULL, NULL, 'd6a9621d-3b0e-4f8f-971d-149b7aba7876', NULL, NULL, NULL),
	('3d2028bf-9830-46ba-bdf1-0a6052859e3e', '25ed9099-09b6-4e83-ab5c-5ea6af90c8ac', '98a92763-e2e1-4b9f-b430-7a0aba96b0b1', 'aaab4697-2193-46b1-9e06-71b6e8f11549', 1, '2026-01-01 20:25:45.449622+00', NULL, NULL, NULL, NULL, NULL, NULL),
	('274383c1-441e-4689-8b75-1d274740e6ad', '25ed9099-09b6-4e83-ab5c-5ea6af90c8ac', '98a92763-e2e1-4b9f-b430-7a0aba96b0b1', '1dd3da19-555e-4e6c-a943-5c6a995b73d9', 1, '2026-01-01 20:25:45.449622+00', NULL, NULL, NULL, NULL, NULL, NULL),
	('dd0cab59-79ce-4857-8cb0-1be128db66b2', '25ed9099-09b6-4e83-ab5c-5ea6af90c8ac', 'cf038ad4-c3ce-4412-b323-ee79d86f32eb', 'aaab4697-2193-46b1-9e06-71b6e8f11549', 1, '2026-01-01 20:25:45.449622+00', NULL, NULL, NULL, NULL, NULL, NULL),
	('b137027e-0bbf-4615-b7ef-63b84cde570b', '25ed9099-09b6-4e83-ab5c-5ea6af90c8ac', 'cf038ad4-c3ce-4412-b323-ee79d86f32eb', '1dd3da19-555e-4e6c-a943-5c6a995b73d9', 1, '2026-01-01 20:25:45.449622+00', NULL, NULL, NULL, NULL, NULL, NULL),
	('0007f8cf-fba8-4411-a99f-cf6001984dd2', '25ed9099-09b6-4e83-ab5c-5ea6af90c8ac', '5ebdae8a-89a4-424e-b942-cbd57ab8208c', NULL, 2, '2026-01-01 20:25:45.449622+00', 'big', NULL, NULL, NULL, NULL, NULL),
	('1c5a0329-b9d5-45ca-a6d9-d63d9f4f05ae', '25ed9099-09b6-4e83-ab5c-5ea6af90c8ac', '0998edaa-3c8b-4e4a-9e2d-82404cd16f5e', 'aaab4697-2193-46b1-9e06-71b6e8f11549', 1, '2026-01-01 20:25:45.449622+00', NULL, NULL, NULL, NULL, NULL, NULL),
	('b48c957f-f689-4b21-ac85-bb416069de46', '25ed9099-09b6-4e83-ab5c-5ea6af90c8ac', '0998edaa-3c8b-4e4a-9e2d-82404cd16f5e', '1dd3da19-555e-4e6c-a943-5c6a995b73d9', 1, '2026-01-01 20:25:45.449622+00', NULL, NULL, NULL, NULL, NULL, NULL),
	('835c0b52-345b-44b1-b20a-545f8b8655a3', '25ed9099-09b6-4e83-ab5c-5ea6af90c8ac', 'ae17c124-086d-4d7c-8bfc-5c0f2d4668ab', NULL, 2, '2026-01-01 20:25:45.449622+00', 'big', NULL, NULL, NULL, NULL, NULL),
	('af15a9f9-ca27-41f8-92b1-c94c574bc014', '25ed9099-09b6-4e83-ab5c-5ea6af90c8ac', 'cbf45b01-1df9-4d4c-9db9-bd64dd2f8160', '618d9965-252b-4c12-ba32-c479e959a6c4', 1, '2026-01-01 20:25:45.449622+00', NULL, NULL, NULL, NULL, NULL, NULL),
	('42bb6585-d99f-4b29-81a0-21aaa17cca23', '25ed9099-09b6-4e83-ab5c-5ea6af90c8ac', 'd2089c5f-84ad-4240-ab26-e8a60b0c2883', NULL, 2, '2026-01-01 20:25:45.449622+00', 'big', NULL, NULL, NULL, NULL, NULL),
	('3b709b56-06a7-4046-9c5c-9cad99c5b7dc', '25ed9099-09b6-4e83-ab5c-5ea6af90c8ac', '90b462f0-e794-4efd-898b-0fdbee92e10b', NULL, 50, '2026-01-01 20:25:45.449622+00', NULL, '01003df3-48a2-44f4-873c-ffc2f02377cb', NULL, NULL, NULL, NULL),
	('bccc43c2-f2e4-4c21-872b-aec5810d8201', '25ed9099-09b6-4e83-ab5c-5ea6af90c8ac', '89ca3c56-407c-443d-92ec-ea929bc9342b', NULL, 50, '2026-01-01 20:25:45.449622+00', NULL, NULL, NULL, NULL, NULL, NULL),
	('4399fe04-f971-48dd-bb2f-36772c7b7536', '25ed9099-09b6-4e83-ab5c-5ea6af90c8ac', '3a4aaf6f-3927-43ce-b770-feefba8586aa', NULL, 50, '2026-01-01 20:25:45.449622+00', NULL, NULL, NULL, NULL, NULL, NULL),
	('72d52bd6-a26c-4978-9c5b-4b1afcc83934', '25ed9099-09b6-4e83-ab5c-5ea6af90c8ac', 'deb8dac1-9616-47bc-9f2b-a6afefa8af0f', NULL, 50, '2026-01-01 20:25:45.449622+00', NULL, NULL, NULL, NULL, NULL, NULL),
	('48bdb1b3-4b97-4090-bd59-bca5f3754f3e', '25ed9099-09b6-4e83-ab5c-5ea6af90c8ac', 'aa696d74-7d47-484c-98f0-bcc4810f7cad', NULL, 50, '2026-01-01 20:25:45.449622+00', NULL, 'f4fa3e3d-687f-4635-9550-3f3d45c7cb91', NULL, NULL, NULL, NULL),
	('ebf95c46-67fb-45e0-b37a-484c3b0c2123', '25ed9099-09b6-4e83-ab5c-5ea6af90c8ac', 'eb8b168d-295d-4cdc-991a-2519be737fe6', NULL, 50, '2026-01-01 20:25:45.449622+00', NULL, NULL, NULL, NULL, NULL, NULL),
	('5997f127-cc7a-45f4-aa06-c6314bc23126', '25ed9099-09b6-4e83-ab5c-5ea6af90c8ac', '74208092-3737-4e08-be3c-000618e799f4', NULL, 100, '2026-01-01 20:25:45.449622+00', NULL, NULL, NULL, NULL, NULL, NULL),
	('06c408ee-8ac2-4306-b1e6-a49dcc204ce8', '25ed9099-09b6-4e83-ab5c-5ea6af90c8ac', 'fe06093f-201f-4508-9b96-91372697271e', NULL, 50, '2026-01-01 20:25:45.449622+00', NULL, NULL, NULL, NULL, NULL, NULL),
	('8b90f5fd-81ae-40db-8db4-d6d2d56983b9', '25ed9099-09b6-4e83-ab5c-5ea6af90c8ac', '769c005c-f0c0-4107-8b5c-ad52ffea2dee', NULL, 2, '2026-01-01 20:25:45.449622+00', 'big', NULL, NULL, NULL, NULL, NULL),
	('e637f83e-15a6-4a0e-9392-a7536f76a0b4', '25ed9099-09b6-4e83-ab5c-5ea6af90c8ac', 'b682b83f-fd6e-4e36-8a68-f4b2b8c17da9', NULL, 2, '2026-01-01 20:25:45.449622+00', 'big', NULL, NULL, NULL, NULL, NULL),
	('7afa401d-e699-45fb-bb05-cd0d310ee378', '25ed9099-09b6-4e83-ab5c-5ea6af90c8ac', 'a883d20a-5e50-4035-85c8-5bc2c41e378d', NULL, 2, '2026-01-01 20:25:45.449622+00', 'big', NULL, NULL, NULL, NULL, NULL),
	('c271ad9a-91cd-42a4-b1d3-7be330681018', '25ed9099-09b6-4e83-ab5c-5ea6af90c8ac', 'b6a50b14-c250-42d2-a7b0-3eb4f7b29fef', NULL, 2, '2026-01-01 20:25:45.449622+00', 'big', NULL, NULL, NULL, '62f8b2fc-884f-4bbb-885e-480b6cd4b5c7', NULL),
	('47bc409c-cc6a-4d99-a14a-1fd1af490cd9', '25ed9099-09b6-4e83-ab5c-5ea6af90c8ac', 'c79f614e-fedd-4130-a8e2-558f6a218fbb', NULL, 1, '2026-01-01 20:25:45.449622+00', 'big', 'dcaf8162-a80e-4df6-88db-6bcc063756e6', NULL, NULL, NULL, NULL),
	('9904424f-23a0-4c58-989a-043aca459803', '25ed9099-09b6-4e83-ab5c-5ea6af90c8ac', '8320bdf9-4050-4d19-b1cf-be28c0982b73', NULL, 1, '2026-01-01 20:25:45.449622+00', 'big', NULL, NULL, NULL, NULL, NULL),
	('bf96715d-1bcd-4828-8054-e5c5ec450e18', '177b420c-ccaa-4adb-ba9d-138fb15222b2', '6e30d066-dc02-4fe4-9b03-ad3d8259e5bb', 'aaab4697-2193-46b1-9e06-71b6e8f11549', 1, '2026-01-01 20:42:35.371677+00', NULL, NULL, NULL, NULL, NULL, NULL),
	('4617160d-74b8-4d21-9615-93577dd908fd', '177b420c-ccaa-4adb-ba9d-138fb15222b2', '8636bcf3-ec90-4eb7-811b-b7cd3a1a2a5e', 'aaab4697-2193-46b1-9e06-71b6e8f11549', 1, '2026-01-01 20:42:35.371677+00', NULL, NULL, NULL, NULL, NULL, NULL),
	('908c01a2-512c-4665-9ec7-461cc8a87ba2', '177b420c-ccaa-4adb-ba9d-138fb15222b2', '8636bcf3-ec90-4eb7-811b-b7cd3a1a2a5e', NULL, 1, '2026-01-01 20:42:35.371677+00', NULL, NULL, 'd6a9621d-3b0e-4f8f-971d-149b7aba7876', NULL, NULL, NULL),
	('28e80547-4474-42f6-bb54-db02b639a066', '177b420c-ccaa-4adb-ba9d-138fb15222b2', '98a92763-e2e1-4b9f-b430-7a0aba96b0b1', 'aaab4697-2193-46b1-9e06-71b6e8f11549', 1, '2026-01-01 20:42:35.371677+00', NULL, NULL, NULL, NULL, NULL, NULL),
	('44d44f9c-8bc4-4ab7-96c7-107179109a15', '177b420c-ccaa-4adb-ba9d-138fb15222b2', 'd783e05c-d720-430b-b09b-7c684f040575', 'aaab4697-2193-46b1-9e06-71b6e8f11549', 1, '2026-01-01 20:42:35.371677+00', NULL, NULL, NULL, NULL, NULL, NULL),
	('f2664d2f-2ec4-464f-8809-45573dd0d501', '177b420c-ccaa-4adb-ba9d-138fb15222b2', '11f2656b-87de-424a-83da-5aee8eb1f6cc', 'aaab4697-2193-46b1-9e06-71b6e8f11549', 1, '2026-01-01 20:42:35.371677+00', NULL, NULL, NULL, NULL, NULL, NULL),
	('dcf96f29-4296-47ac-822c-9727da10d604', '177b420c-ccaa-4adb-ba9d-138fb15222b2', '5ebdae8a-89a4-424e-b942-cbd57ab8208c', NULL, 2, '2026-01-01 20:42:35.371677+00', 'big', NULL, NULL, NULL, NULL, NULL),
	('d9da4fd0-2e1a-4d42-9cf3-3b5b9596fa75', '177b420c-ccaa-4adb-ba9d-138fb15222b2', '74b0d4e1-d97b-4a68-a355-6f295403841f', '618d9965-252b-4c12-ba32-c479e959a6c4', 1, '2026-01-01 20:42:35.371677+00', NULL, NULL, NULL, NULL, NULL, NULL),
	('8ea75c6f-1918-4a8b-9fac-73b3a20b6b38', '177b420c-ccaa-4adb-ba9d-138fb15222b2', '9ee0aa9c-86ac-4a6b-82ed-dbcbb423772e', '618d9965-252b-4c12-ba32-c479e959a6c4', 1, '2026-01-01 20:42:35.371677+00', NULL, NULL, NULL, NULL, NULL, NULL),
	('6b50cdf9-0e3b-4209-b7a6-b0324a3b5eee', '177b420c-ccaa-4adb-ba9d-138fb15222b2', 'ffbfc15d-2f5e-4214-82eb-16d8fd786812', 'aaab4697-2193-46b1-9e06-71b6e8f11549', 1, '2026-01-01 20:42:35.371677+00', NULL, NULL, NULL, NULL, NULL, NULL),
	('64eb2fb2-c307-413a-a42f-c3309217bfbd', '177b420c-ccaa-4adb-ba9d-138fb15222b2', 'd2089c5f-84ad-4240-ab26-e8a60b0c2883', NULL, 2, '2026-01-01 20:42:35.371677+00', 'big', NULL, NULL, NULL, NULL, NULL),
	('b41f25b6-2d45-4e09-ba47-d86a5c67410c', '177b420c-ccaa-4adb-ba9d-138fb15222b2', '90b462f0-e794-4efd-898b-0fdbee92e10b', NULL, 50, '2026-01-01 20:42:35.371677+00', NULL, '01003df3-48a2-44f4-873c-ffc2f02377cb', NULL, NULL, NULL, NULL),
	('91cf303f-e36f-4abf-bdd6-155e3a43093c', '177b420c-ccaa-4adb-ba9d-138fb15222b2', '3a4aaf6f-3927-43ce-b770-feefba8586aa', NULL, 50, '2026-01-01 20:42:35.371677+00', NULL, NULL, NULL, NULL, NULL, NULL),
	('62a1994c-d05a-4237-97bb-0432c95be0db', '177b420c-ccaa-4adb-ba9d-138fb15222b2', 'b7f09930-b9e3-438c-9362-0a6cf9e33ac7', NULL, 50, '2026-01-01 20:42:35.371677+00', NULL, NULL, NULL, NULL, NULL, NULL),
	('24e528f6-b587-46d9-9e88-608448b13c90', '177b420c-ccaa-4adb-ba9d-138fb15222b2', '6f20fc64-6fd5-4477-8dbd-f639f21f3e67', NULL, 50, '2026-01-01 20:42:35.371677+00', NULL, NULL, NULL, NULL, NULL, NULL),
	('f9b114dc-2f63-4c34-934d-92b858422be8', '177b420c-ccaa-4adb-ba9d-138fb15222b2', 'eb8b168d-295d-4cdc-991a-2519be737fe6', NULL, 50, '2026-01-01 20:42:35.371677+00', NULL, NULL, NULL, NULL, NULL, NULL),
	('2b47bf02-1791-4b31-b052-2b232c29ebdc', '177b420c-ccaa-4adb-ba9d-138fb15222b2', '769c005c-f0c0-4107-8b5c-ad52ffea2dee', NULL, 2, '2026-01-01 20:42:35.371677+00', 'big', NULL, NULL, NULL, NULL, NULL),
	('1fe72bbc-8785-4f9f-aaa7-63d6b03cf352', '177b420c-ccaa-4adb-ba9d-138fb15222b2', 'b682b83f-fd6e-4e36-8a68-f4b2b8c17da9', NULL, 2, '2026-01-01 20:42:35.371677+00', 'big', NULL, NULL, NULL, NULL, NULL),
	('043b3cb3-5e0b-4b3a-9516-045cd519d352', '177b420c-ccaa-4adb-ba9d-138fb15222b2', 'a883d20a-5e50-4035-85c8-5bc2c41e378d', NULL, 2, '2026-01-01 20:42:35.371677+00', 'big', NULL, NULL, NULL, NULL, NULL),
	('c0c97be3-ca85-4310-a47d-77146dadbe05', '177b420c-ccaa-4adb-ba9d-138fb15222b2', '74208092-3737-4e08-be3c-000618e799f4', NULL, 100, '2026-01-01 20:42:35.371677+00', NULL, NULL, NULL, NULL, NULL, NULL),
	('8e2b83f2-11cb-4837-b1a7-262ac63e413d', '177b420c-ccaa-4adb-ba9d-138fb15222b2', 'fe06093f-201f-4508-9b96-91372697271e', NULL, 100, '2026-01-01 20:42:35.371677+00', NULL, NULL, NULL, NULL, NULL, NULL),
	('9c39e385-8c09-4b8a-a416-d1ba4ed3c18c', '177b420c-ccaa-4adb-ba9d-138fb15222b2', 'b6a50b14-c250-42d2-a7b0-3eb4f7b29fef', NULL, 1, '2026-01-01 20:42:35.371677+00', 'big', NULL, NULL, NULL, '62f8b2fc-884f-4bbb-885e-480b6cd4b5c7', NULL),
	('f871dd1b-4d9f-49df-8f33-59f78a030907', '177b420c-ccaa-4adb-ba9d-138fb15222b2', 'b6a50b14-c250-42d2-a7b0-3eb4f7b29fef', NULL, 1, '2026-01-01 20:42:35.371677+00', 'big', NULL, NULL, NULL, '7509b198-608b-4b24-a38a-88779754f759', NULL),
	('e4d03b88-338b-4791-96df-a8f9ae7db129', '177b420c-ccaa-4adb-ba9d-138fb15222b2', '428f3bdc-b8d4-4002-8ad2-66fc7e14db4d', NULL, 1, '2026-01-01 20:42:35.371677+00', 'big', NULL, NULL, NULL, NULL, NULL),
	('7a5a4248-28d3-41a6-997b-b6a83ff1788c', '177b420c-ccaa-4adb-ba9d-138fb15222b2', 'f222778c-fb1c-4070-91d7-cebe5da9327c', NULL, 1, '2026-01-01 20:42:35.371677+00', 'big', NULL, NULL, NULL, NULL, NULL),
	('dd7fa350-4067-47f7-9233-6a7cbad4c55e', '2226d18c-6e5d-49fd-8f0a-25d52edb1c06', 'b6403653-637b-44bc-867f-a0e71a052ef2', NULL, 20, '2026-01-04 09:41:26.853506+00', NULL, '2c5e89ce-5ec5-448c-828b-bf966ff572f5', NULL, NULL, NULL, NULL),
	('2a2e69ed-e79d-4c6f-a389-c1468ace3fb4', '0b9b3548-6c4d-4285-ba83-733b4b36336d', '6f20fc64-6fd5-4477-8dbd-f639f21f3e67', NULL, 10, '2026-01-04 10:00:52.798038+00', NULL, NULL, NULL, NULL, NULL, NULL),
	('fb70f24f-0d16-4487-965e-f8bed93abd4e', '0b9b3548-6c4d-4285-ba83-733b4b36336d', 'eb8b168d-295d-4cdc-991a-2519be737fe6', NULL, 50, '2026-01-04 10:00:52.798038+00', NULL, NULL, NULL, NULL, NULL, NULL),
	('1f409f80-8ed9-44cb-952f-35d20625c240', '58ba5fc0-5edd-4728-b269-236a3a310fb3', '6e30d066-dc02-4fe4-9b03-ad3d8259e5bb', 'aaab4697-2193-46b1-9e06-71b6e8f11549', 1, '2026-01-05 14:53:22.42912+00', NULL, NULL, NULL, NULL, NULL, NULL),
	('1afbbdc1-b665-4d89-8354-1f5a8c074726', '58ba5fc0-5edd-4728-b269-236a3a310fb3', 'e6cac754-36b4-4f84-800b-c13873383124', NULL, 1, '2026-01-05 14:53:22.42912+00', NULL, NULL, NULL, NULL, NULL, NULL),
	('2003284c-19c5-4361-af49-4d5280022e6a', '58ba5fc0-5edd-4728-b269-236a3a310fb3', 'deb8dac1-9616-47bc-9f2b-a6afefa8af0f', NULL, 1, '2026-01-05 14:53:22.42912+00', NULL, NULL, NULL, NULL, NULL, NULL),
	('96107f5c-9760-465a-80a1-f64d52fabd72', '58ba5fc0-5edd-4728-b269-236a3a310fb3', '74208092-3737-4e08-be3c-000618e799f4', NULL, 1, '2026-01-05 14:53:22.42912+00', NULL, NULL, NULL, NULL, NULL, NULL),
	('2b774881-01e9-40ea-9809-4e82bab25663', '58ba5fc0-5edd-4728-b269-236a3a310fb3', 'b6a50b14-c250-42d2-a7b0-3eb4f7b29fef', NULL, 1, '2026-01-05 14:53:22.42912+00', 'big', NULL, NULL, NULL, '62f8b2fc-884f-4bbb-885e-480b6cd4b5c7', NULL),
	('0ca3c8a4-58ee-42dd-becb-160c82f137c5', '0b42632a-8410-4dd8-a8af-fb57ebd6e667', '769c005c-f0c0-4107-8b5c-ad52ffea2dee', NULL, 1, '2026-01-05 14:53:58.253187+00', 'big', NULL, NULL, NULL, NULL, NULL),
	('c71c58fc-57f4-460b-855b-fb890303db9d', '61028228-c00e-4321-bdd7-fbc4dcef309d', '6e30d066-dc02-4fe4-9b03-ad3d8259e5bb', 'aaab4697-2193-46b1-9e06-71b6e8f11549', 1, '2026-01-05 14:54:04.154535+00', NULL, NULL, NULL, NULL, NULL, NULL),
	('ace70509-7038-4a03-b11c-aeefd185a4d1', '61028228-c00e-4321-bdd7-fbc4dcef309d', 'e6cac754-36b4-4f84-800b-c13873383124', NULL, 1, '2026-01-05 14:54:04.154535+00', NULL, NULL, NULL, NULL, NULL, NULL),
	('f905a4df-4c28-439d-bdcc-f98794198c29', '61028228-c00e-4321-bdd7-fbc4dcef309d', 'deb8dac1-9616-47bc-9f2b-a6afefa8af0f', NULL, 1, '2026-01-05 14:54:04.154535+00', NULL, NULL, NULL, NULL, NULL, NULL),
	('da699c4e-b248-4f5e-a865-060b91fa1e27', '61028228-c00e-4321-bdd7-fbc4dcef309d', '74208092-3737-4e08-be3c-000618e799f4', NULL, 1, '2026-01-05 14:54:04.154535+00', NULL, NULL, NULL, NULL, NULL, NULL),
	('62a1bbe1-4427-4199-9be4-aab13f1f0376', '61028228-c00e-4321-bdd7-fbc4dcef309d', 'b6a50b14-c250-42d2-a7b0-3eb4f7b29fef', NULL, 1, '2026-01-05 14:54:04.154535+00', 'big', NULL, NULL, NULL, '62f8b2fc-884f-4bbb-885e-480b6cd4b5c7', NULL),
	('fce3a57b-8e77-4034-a4a2-010d34db12a4', '110cdef4-3a30-4fb3-a425-0d328fd65c2e', '769c005c-f0c0-4107-8b5c-ad52ffea2dee', NULL, 1, '2026-01-05 14:58:56.584385+00', 'big', NULL, NULL, NULL, NULL, NULL),
	('3c53c47b-77e0-4989-a460-103d56ef6768', 'a49da314-7966-4037-a326-e6ed2b17442a', '6e30d066-dc02-4fe4-9b03-ad3d8259e5bb', 'aaab4697-2193-46b1-9e06-71b6e8f11549', 1, '2026-01-05 14:59:02.547452+00', NULL, NULL, NULL, NULL, NULL, NULL),
	('d2418b01-1372-499a-a7ba-62140ad1dbd0', 'a49da314-7966-4037-a326-e6ed2b17442a', 'e6cac754-36b4-4f84-800b-c13873383124', NULL, 1, '2026-01-05 14:59:02.547452+00', NULL, NULL, NULL, NULL, NULL, NULL),
	('976b0052-5ae8-4a92-a0e4-f6bb38106df6', 'a49da314-7966-4037-a326-e6ed2b17442a', 'deb8dac1-9616-47bc-9f2b-a6afefa8af0f', NULL, 1, '2026-01-05 14:59:02.547452+00', NULL, NULL, NULL, NULL, NULL, NULL),
	('b22cd832-5e1e-4382-8d03-6d4ec6d73ca2', 'a49da314-7966-4037-a326-e6ed2b17442a', '74208092-3737-4e08-be3c-000618e799f4', NULL, 1, '2026-01-05 14:59:02.547452+00', NULL, NULL, NULL, NULL, NULL, NULL),
	('e81cf73b-20f0-47a4-b11c-478829779212', 'a49da314-7966-4037-a326-e6ed2b17442a', 'b6a50b14-c250-42d2-a7b0-3eb4f7b29fef', NULL, 1, '2026-01-05 14:59:02.547452+00', 'big', NULL, NULL, NULL, '62f8b2fc-884f-4bbb-885e-480b6cd4b5c7', NULL),
	('f9284119-1fbc-4751-95b5-ce1438d3de6a', '1493d5ed-6961-4850-b3d9-0947dbbd70a6', '74208092-3737-4e08-be3c-000618e799f4', NULL, 5, '2026-01-05 16:20:25.548772+00', NULL, NULL, NULL, NULL, NULL, NULL),
	('e4156513-71c7-4690-8623-dad1247914bf', 'f140399a-5199-4b4d-9ee9-5f69ac912f28', '74208092-3737-4e08-be3c-000618e799f4', NULL, 5, '2026-01-05 16:20:53.761824+00', NULL, NULL, NULL, NULL, NULL, NULL),
	('d2539c5a-7b95-428d-b539-df6b8ab415b1', '48b70075-cc00-4b44-8dd4-dbe94e48e0dc', '6e30d066-dc02-4fe4-9b03-ad3d8259e5bb', 'aaab4697-2193-46b1-9e06-71b6e8f11549', 1, '2026-01-05 16:21:08.981402+00', NULL, NULL, NULL, NULL, NULL, NULL),
	('c4b8b4d3-b66c-43e9-af45-412c673a3a67', '48b70075-cc00-4b44-8dd4-dbe94e48e0dc', 'e6cac754-36b4-4f84-800b-c13873383124', NULL, 1, '2026-01-05 16:21:08.981402+00', NULL, NULL, NULL, NULL, NULL, NULL),
	('cfbe4713-f022-4efe-b30e-29704b6c3c36', '48b70075-cc00-4b44-8dd4-dbe94e48e0dc', 'deb8dac1-9616-47bc-9f2b-a6afefa8af0f', NULL, 1, '2026-01-05 16:21:08.981402+00', NULL, NULL, NULL, NULL, NULL, NULL),
	('188cf3d5-390e-437e-8c12-17594b1c87ce', '48b70075-cc00-4b44-8dd4-dbe94e48e0dc', '74208092-3737-4e08-be3c-000618e799f4', NULL, 1, '2026-01-05 16:21:08.981402+00', NULL, NULL, NULL, NULL, NULL, NULL),
	('0d9796bb-b9f3-4249-b326-5442392508ca', '48b70075-cc00-4b44-8dd4-dbe94e48e0dc', 'b6a50b14-c250-42d2-a7b0-3eb4f7b29fef', NULL, 1, '2026-01-05 16:21:08.981402+00', 'big', NULL, NULL, NULL, '62f8b2fc-884f-4bbb-885e-480b6cd4b5c7', NULL),
	('ab67564c-2c68-4254-8265-bb043fa0a77e', '6cad71a4-8c09-45eb-b34b-40016001d7fd', '769c005c-f0c0-4107-8b5c-ad52ffea2dee', NULL, 1, '2026-01-05 16:21:09.683211+00', 'big', NULL, NULL, NULL, NULL, NULL),
	('d7ccdbb4-5b3f-42d2-b31f-5edf6961b924', 'e1b4df00-965c-49e7-b4cf-d2c1f72444c1', 'c79f614e-fedd-4130-a8e2-558f6a218fbb', NULL, 2, '2026-01-05 16:25:53.882395+00', 'big', NULL, NULL, NULL, NULL, NULL),
	('3052fbda-66e3-41b8-a19f-052dde8bc787', 'e1b4df00-965c-49e7-b4cf-d2c1f72444c1', 'c79f614e-fedd-4130-a8e2-558f6a218fbb', NULL, 1, '2026-01-05 16:25:53.882395+00', 'small', NULL, NULL, NULL, NULL, NULL),
	('18f65dd4-ef94-4b7f-a06e-7e737b3bc65d', '79652729-5052-464f-81fe-d4ce2c7699c1', 'c79f614e-fedd-4130-a8e2-558f6a218fbb', NULL, 2, '2026-01-05 16:26:59.466169+00', 'big', NULL, NULL, NULL, NULL, NULL),
	('10183abd-d2aa-47c7-8abf-ce03071f53ae', '79652729-5052-464f-81fe-d4ce2c7699c1', 'c79f614e-fedd-4130-a8e2-558f6a218fbb', NULL, 1, '2026-01-05 16:26:59.466169+00', 'small', NULL, NULL, NULL, NULL, NULL),
	('41337f70-1692-41bd-8534-73b18853aa9a', 'dc234f01-ef7d-4bbf-a1cf-b78e14939c13', '74208092-3737-4e08-be3c-000618e799f4', NULL, 5, '2026-01-05 16:26:59.727424+00', NULL, NULL, NULL, NULL, NULL, NULL),
	('0ad5851a-c13c-4830-ad9c-9ed4112b886b', 'ea8249a0-e29f-4ca7-8cfa-8e75ba9ff60c', '769c005c-f0c0-4107-8b5c-ad52ffea2dee', NULL, 1, '2026-01-05 16:27:08.924053+00', 'big', NULL, NULL, NULL, NULL, NULL),
	('1e5fe0f2-2cdb-4755-8133-618fbb94d821', '17f0d188-704b-4878-abfd-591d91177895', '6e30d066-dc02-4fe4-9b03-ad3d8259e5bb', 'aaab4697-2193-46b1-9e06-71b6e8f11549', 1, '2026-01-05 16:27:14.574692+00', NULL, NULL, NULL, NULL, NULL, NULL),
	('a7e417f1-4483-4015-a7b8-ba09407b6862', '17f0d188-704b-4878-abfd-591d91177895', 'e6cac754-36b4-4f84-800b-c13873383124', NULL, 1, '2026-01-05 16:27:14.574692+00', NULL, NULL, NULL, NULL, NULL, NULL),
	('d3a51ec5-8f03-410d-bc39-779451ed89c1', '17f0d188-704b-4878-abfd-591d91177895', 'deb8dac1-9616-47bc-9f2b-a6afefa8af0f', NULL, 1, '2026-01-05 16:27:14.574692+00', NULL, NULL, NULL, NULL, NULL, NULL),
	('60f99b1e-0275-4bdb-930b-6b01af34f7f0', '17f0d188-704b-4878-abfd-591d91177895', '74208092-3737-4e08-be3c-000618e799f4', NULL, 1, '2026-01-05 16:27:14.574692+00', NULL, NULL, NULL, NULL, NULL, NULL),
	('e31ead16-f1d5-4f33-961f-d41afd41d4ad', '17f0d188-704b-4878-abfd-591d91177895', 'b6a50b14-c250-42d2-a7b0-3eb4f7b29fef', NULL, 1, '2026-01-05 16:27:14.574692+00', 'big', NULL, NULL, NULL, '62f8b2fc-884f-4bbb-885e-480b6cd4b5c7', NULL),
	('8384ca05-bd16-40f8-a3b0-08c24ece33ab', '177a5b70-d0a7-4f68-bcaf-96b097e0f424', '74208092-3737-4e08-be3c-000618e799f4', NULL, 5, '2026-01-05 16:35:08.972653+00', NULL, NULL, NULL, NULL, NULL, NULL),
	('fe6a3bf4-021b-454e-8785-596e138b7d2b', '5b098c0b-1215-4ad9-998f-eb61e28c6f2a', 'c79f614e-fedd-4130-a8e2-558f6a218fbb', NULL, 2, '2026-01-05 16:35:09.054728+00', 'big', NULL, NULL, NULL, NULL, NULL),
	('e2ee19e8-e67b-4672-8c1b-bba4850548e4', '5b098c0b-1215-4ad9-998f-eb61e28c6f2a', 'c79f614e-fedd-4130-a8e2-558f6a218fbb', NULL, 1, '2026-01-05 16:35:09.054728+00', 'small', NULL, NULL, NULL, NULL, NULL),
	('af7999c8-3b94-4358-b31f-c675073731a8', 'b1121661-e292-4f6e-938b-78f4b55b7ade', '769c005c-f0c0-4107-8b5c-ad52ffea2dee', NULL, 1, '2026-01-05 16:35:17.882543+00', 'big', NULL, NULL, NULL, NULL, NULL),
	('5d6eee66-74f6-4326-9e69-f3a23c762a4c', '903ffab0-e6c0-4d5f-8c28-b51100828c1f', '6e30d066-dc02-4fe4-9b03-ad3d8259e5bb', 'aaab4697-2193-46b1-9e06-71b6e8f11549', 1, '2026-01-05 16:35:23.357219+00', NULL, NULL, NULL, NULL, NULL, NULL),
	('b5d318f2-b33c-44da-bbc9-2354c7733c1a', '903ffab0-e6c0-4d5f-8c28-b51100828c1f', 'e6cac754-36b4-4f84-800b-c13873383124', NULL, 1, '2026-01-05 16:35:23.357219+00', NULL, NULL, NULL, NULL, NULL, NULL),
	('5fd9ccef-12e0-4222-a1f9-38d1ba821b26', '903ffab0-e6c0-4d5f-8c28-b51100828c1f', 'deb8dac1-9616-47bc-9f2b-a6afefa8af0f', NULL, 1, '2026-01-05 16:35:23.357219+00', NULL, NULL, NULL, NULL, NULL, NULL),
	('513d5f3d-ebba-4913-bc44-7f10c4fd102c', '903ffab0-e6c0-4d5f-8c28-b51100828c1f', '74208092-3737-4e08-be3c-000618e799f4', NULL, 1, '2026-01-05 16:35:23.357219+00', NULL, NULL, NULL, NULL, NULL, NULL),
	('9b544b84-28d3-4a13-8f32-1a82cc8a0e4c', '903ffab0-e6c0-4d5f-8c28-b51100828c1f', 'b6a50b14-c250-42d2-a7b0-3eb4f7b29fef', NULL, 1, '2026-01-05 16:35:23.357219+00', 'big', NULL, NULL, NULL, '62f8b2fc-884f-4bbb-885e-480b6cd4b5c7', NULL),
	('f86aee57-3f23-4245-ab4d-170118a37c63', 'e53eb052-525c-41e2-8f06-0f0a3331b22a', 'c79f614e-fedd-4130-a8e2-558f6a218fbb', NULL, 2, '2026-01-05 16:35:32.552041+00', 'big', NULL, NULL, NULL, NULL, NULL),
	('fbd951ab-6c6b-449f-906b-9fbc79148a0c', 'e53eb052-525c-41e2-8f06-0f0a3331b22a', 'c79f614e-fedd-4130-a8e2-558f6a218fbb', NULL, 1, '2026-01-05 16:35:32.552041+00', 'small', NULL, NULL, NULL, NULL, NULL),
	('6cca2562-3f62-49e0-9a98-03a510aea81d', '6a313c18-2a38-4417-86ec-a36601ec50fb', '74208092-3737-4e08-be3c-000618e799f4', NULL, 5, '2026-01-05 16:35:33.5031+00', NULL, NULL, NULL, NULL, NULL, NULL),
	('daf6f24b-10b9-44bf-8324-2f011f38834c', 'f5ee7393-a747-43d4-a3a7-c7a07806d719', '769c005c-f0c0-4107-8b5c-ad52ffea2dee', NULL, 1, '2026-01-05 16:35:40.144574+00', 'big', NULL, NULL, NULL, NULL, NULL),
	('454b2339-e372-4434-b087-5254b8a04b9b', 'faed9696-48f1-453f-b133-4e67b19bb71b', '6e30d066-dc02-4fe4-9b03-ad3d8259e5bb', 'aaab4697-2193-46b1-9e06-71b6e8f11549', 1, '2026-01-05 16:35:46.619365+00', NULL, NULL, NULL, NULL, NULL, NULL),
	('c3ee3ba2-42dd-45a2-b7d5-6218fe5d3d60', 'faed9696-48f1-453f-b133-4e67b19bb71b', 'e6cac754-36b4-4f84-800b-c13873383124', NULL, 1, '2026-01-05 16:35:46.619365+00', NULL, NULL, NULL, NULL, NULL, NULL),
	('9ba3a0b8-bbb1-4acf-9a3b-cfc0d21848bc', 'faed9696-48f1-453f-b133-4e67b19bb71b', 'deb8dac1-9616-47bc-9f2b-a6afefa8af0f', NULL, 1, '2026-01-05 16:35:46.619365+00', NULL, NULL, NULL, NULL, NULL, NULL),
	('a6e416f5-9bc5-4558-94a5-a663a125c641', 'faed9696-48f1-453f-b133-4e67b19bb71b', '74208092-3737-4e08-be3c-000618e799f4', NULL, 1, '2026-01-05 16:35:46.619365+00', NULL, NULL, NULL, NULL, NULL, NULL),
	('b0108bfa-ec9c-4801-84e1-585936504a3b', 'faed9696-48f1-453f-b133-4e67b19bb71b', 'b6a50b14-c250-42d2-a7b0-3eb4f7b29fef', NULL, 1, '2026-01-05 16:35:46.619365+00', 'big', NULL, NULL, NULL, '62f8b2fc-884f-4bbb-885e-480b6cd4b5c7', NULL),
	('d5a01046-3d33-4520-a2dd-dcb903f8be67', 'bdd96ad0-e20d-4ff5-b7c6-10f1fef8b3a4', '6e30d066-dc02-4fe4-9b03-ad3d8259e5bb', 'aaab4697-2193-46b1-9e06-71b6e8f11549', 1, '2026-01-05 18:33:49.167682+00', NULL, NULL, NULL, NULL, NULL, NULL),
	('e0eacd58-f524-401e-917c-bb8c7104fda6', 'bdd96ad0-e20d-4ff5-b7c6-10f1fef8b3a4', '2e72be5f-09a0-43a6-922e-a7e870c59cc1', 'aaab4697-2193-46b1-9e06-71b6e8f11549', 1, '2026-01-05 18:33:49.167682+00', NULL, NULL, NULL, NULL, NULL, NULL),
	('78084904-f456-4244-a312-98d8b5262a11', 'bdd96ad0-e20d-4ff5-b7c6-10f1fef8b3a4', '8636bcf3-ec90-4eb7-811b-b7cd3a1a2a5e', 'aaab4697-2193-46b1-9e06-71b6e8f11549', 1, '2026-01-05 18:33:49.167682+00', NULL, NULL, NULL, NULL, NULL, NULL),
	('2b2b6ae2-9827-48af-ad67-da0bfc36b074', 'bdd96ad0-e20d-4ff5-b7c6-10f1fef8b3a4', '8636bcf3-ec90-4eb7-811b-b7cd3a1a2a5e', 'aaab4697-2193-46b1-9e06-71b6e8f11549', 1, '2026-01-05 18:33:49.167682+00', NULL, NULL, 'd6a9621d-3b0e-4f8f-971d-149b7aba7876', NULL, NULL, NULL),
	('d356cb64-cef3-4b8f-9bd5-8864e1239d68', 'bdd96ad0-e20d-4ff5-b7c6-10f1fef8b3a4', '98a92763-e2e1-4b9f-b430-7a0aba96b0b1', 'aaab4697-2193-46b1-9e06-71b6e8f11549', 1, '2026-01-05 18:33:49.167682+00', NULL, NULL, NULL, NULL, NULL, NULL),
	('060b43ff-ea3d-436c-8c68-fbb414f8c367', 'bdd96ad0-e20d-4ff5-b7c6-10f1fef8b3a4', 'cf038ad4-c3ce-4412-b323-ee79d86f32eb', 'aaab4697-2193-46b1-9e06-71b6e8f11549', 1, '2026-01-05 18:33:49.167682+00', NULL, NULL, NULL, NULL, NULL, NULL),
	('4f26e239-3a3d-4a1c-b3a7-fe965d95d94f', 'bdd96ad0-e20d-4ff5-b7c6-10f1fef8b3a4', 'd1b5cda2-07b7-4e77-8982-60b636308846', 'aaab4697-2193-46b1-9e06-71b6e8f11549', 1, '2026-01-05 18:33:49.167682+00', NULL, NULL, NULL, NULL, NULL, NULL),
	('f4f54df8-0067-4eee-8402-77b30a8fec94', 'bdd96ad0-e20d-4ff5-b7c6-10f1fef8b3a4', 'd783e05c-d720-430b-b09b-7c684f040575', 'aaab4697-2193-46b1-9e06-71b6e8f11549', 1, '2026-01-05 18:33:49.167682+00', NULL, NULL, NULL, NULL, NULL, NULL),
	('80bacc73-9c1f-4437-850d-a12438fd549a', 'bdd96ad0-e20d-4ff5-b7c6-10f1fef8b3a4', '11f2656b-87de-424a-83da-5aee8eb1f6cc', 'aaab4697-2193-46b1-9e06-71b6e8f11549', 1, '2026-01-05 18:33:49.167682+00', NULL, NULL, NULL, NULL, NULL, NULL),
	('b9af32e8-b4c6-4dca-81ff-f8001424886a', 'bdd96ad0-e20d-4ff5-b7c6-10f1fef8b3a4', '5ebdae8a-89a4-424e-b942-cbd57ab8208c', NULL, 1, '2026-01-05 18:33:49.167682+00', 'big', NULL, NULL, NULL, NULL, NULL),
	('3f078a4c-cab6-4438-8894-b550cdae8690', 'bdd96ad0-e20d-4ff5-b7c6-10f1fef8b3a4', 'ae17c124-086d-4d7c-8bfc-5c0f2d4668ab', NULL, 1, '2026-01-05 18:33:49.167682+00', 'big', NULL, NULL, NULL, NULL, NULL),
	('98c4f285-fa51-4138-a3c7-766170b18c26', 'bdd96ad0-e20d-4ff5-b7c6-10f1fef8b3a4', 'e6cac754-36b4-4f84-800b-c13873383124', NULL, 10, '2026-01-05 18:33:49.167682+00', NULL, NULL, NULL, NULL, NULL, NULL),
	('93ed19c6-8718-48de-876e-5f39422c343d', 'bdd96ad0-e20d-4ff5-b7c6-10f1fef8b3a4', '90b462f0-e794-4efd-898b-0fdbee92e10b', NULL, 10, '2026-01-05 18:33:49.167682+00', NULL, '01003df3-48a2-44f4-873c-ffc2f02377cb', NULL, NULL, NULL, NULL),
	('118010f5-d775-491b-96bd-2f37161072c1', 'bdd96ad0-e20d-4ff5-b7c6-10f1fef8b3a4', 'deb8dac1-9616-47bc-9f2b-a6afefa8af0f', NULL, 10, '2026-01-05 18:33:49.167682+00', NULL, NULL, NULL, NULL, NULL, NULL),
	('2797d8b2-a389-4c7b-bc3f-ba1f52df139d', 'bdd96ad0-e20d-4ff5-b7c6-10f1fef8b3a4', 'b7f09930-b9e3-438c-9362-0a6cf9e33ac7', NULL, 10, '2026-01-05 18:33:49.167682+00', NULL, NULL, NULL, NULL, NULL, NULL),
	('18d88207-d561-46af-b0d7-6af686857183', 'bdd96ad0-e20d-4ff5-b7c6-10f1fef8b3a4', 'aa696d74-7d47-484c-98f0-bcc4810f7cad', NULL, 10, '2026-01-05 18:33:49.167682+00', NULL, NULL, NULL, NULL, NULL, NULL),
	('cf6f5fce-37fe-437b-9e2d-d72835530b7c', 'bdd96ad0-e20d-4ff5-b7c6-10f1fef8b3a4', '74208092-3737-4e08-be3c-000618e799f4', NULL, 10, '2026-01-05 18:33:49.167682+00', NULL, NULL, NULL, NULL, NULL, NULL),
	('5e30b0f7-3415-4ddd-8365-b757d3ae1591', 'bdd96ad0-e20d-4ff5-b7c6-10f1fef8b3a4', 'fe06093f-201f-4508-9b96-91372697271e', NULL, 10, '2026-01-05 18:33:49.167682+00', NULL, NULL, NULL, NULL, NULL, NULL),
	('6edbfae4-4350-4975-a1b5-a38957ed090a', 'bdd96ad0-e20d-4ff5-b7c6-10f1fef8b3a4', '769c005c-f0c0-4107-8b5c-ad52ffea2dee', NULL, 1, '2026-01-05 18:33:49.167682+00', 'big', NULL, NULL, NULL, NULL, NULL),
	('215ea443-3536-464a-9fbc-7730559bb014', 'bdd96ad0-e20d-4ff5-b7c6-10f1fef8b3a4', 'b682b83f-fd6e-4e36-8a68-f4b2b8c17da9', NULL, 1, '2026-01-05 18:33:49.167682+00', 'big', NULL, NULL, NULL, NULL, NULL),
	('6ab8d0c4-ccd4-401c-8068-e15e666adfe3', 'bdd96ad0-e20d-4ff5-b7c6-10f1fef8b3a4', 'b6a50b14-c250-42d2-a7b0-3eb4f7b29fef', NULL, 1, '2026-01-05 18:33:49.167682+00', 'small', NULL, NULL, NULL, '62f8b2fc-884f-4bbb-885e-480b6cd4b5c7', NULL),
	('6f313e95-371e-43f9-9301-b75eec30653c', 'bdd96ad0-e20d-4ff5-b7c6-10f1fef8b3a4', 'b6a50b14-c250-42d2-a7b0-3eb4f7b29fef', NULL, 1, '2026-01-05 18:33:49.167682+00', 'small', NULL, NULL, NULL, '7509b198-608b-4b24-a38a-88779754f759', NULL),
	('e26b7be9-3205-475b-a50c-7dd7c9693615', 'bdd96ad0-e20d-4ff5-b7c6-10f1fef8b3a4', '730f7123-ddc8-413a-8bd7-042bfaadcd8f', NULL, 1, '2026-01-05 18:33:49.167682+00', 'big', NULL, NULL, NULL, NULL, NULL),
	('4ef0dec4-be39-43dc-ad5d-46de3b12f078', 'bdd96ad0-e20d-4ff5-b7c6-10f1fef8b3a4', '428f3bdc-b8d4-4002-8ad2-66fc7e14db4d', NULL, 1, '2026-01-05 18:33:49.167682+00', 'big', NULL, NULL, NULL, NULL, NULL),
	('1d51b883-2145-4fbc-9b15-0688b6cf59e1', '7724a925-f073-4b8f-a0bd-4ad9ad4b4280', '6e30d066-dc02-4fe4-9b03-ad3d8259e5bb', 'aaab4697-2193-46b1-9e06-71b6e8f11549', 1, '2026-01-05 18:34:28.751543+00', NULL, NULL, NULL, NULL, NULL, NULL),
	('364d25bf-a2f3-454e-8b5c-70f40508af8d', '7724a925-f073-4b8f-a0bd-4ad9ad4b4280', '2e72be5f-09a0-43a6-922e-a7e870c59cc1', 'aaab4697-2193-46b1-9e06-71b6e8f11549', 1, '2026-01-05 18:34:28.751543+00', NULL, NULL, NULL, NULL, NULL, NULL),
	('c80e840f-242b-4dfa-99a8-bae3fd965af0', '7724a925-f073-4b8f-a0bd-4ad9ad4b4280', '8636bcf3-ec90-4eb7-811b-b7cd3a1a2a5e', 'aaab4697-2193-46b1-9e06-71b6e8f11549', 1, '2026-01-05 18:34:28.751543+00', NULL, NULL, NULL, NULL, NULL, NULL),
	('284fb675-bcfa-4693-bd13-a4fdd327b791', '7724a925-f073-4b8f-a0bd-4ad9ad4b4280', '8636bcf3-ec90-4eb7-811b-b7cd3a1a2a5e', 'aaab4697-2193-46b1-9e06-71b6e8f11549', 1, '2026-01-05 18:34:28.751543+00', NULL, NULL, 'd6a9621d-3b0e-4f8f-971d-149b7aba7876', NULL, NULL, NULL),
	('1bc8bb61-673b-44bf-af72-d6b96150d33f', '7724a925-f073-4b8f-a0bd-4ad9ad4b4280', '98a92763-e2e1-4b9f-b430-7a0aba96b0b1', 'aaab4697-2193-46b1-9e06-71b6e8f11549', 1, '2026-01-05 18:34:28.751543+00', NULL, NULL, NULL, NULL, NULL, NULL),
	('e023a43a-2988-4564-8fd5-1160bedd5ef7', '7724a925-f073-4b8f-a0bd-4ad9ad4b4280', 'cf038ad4-c3ce-4412-b323-ee79d86f32eb', 'aaab4697-2193-46b1-9e06-71b6e8f11549', 1, '2026-01-05 18:34:28.751543+00', NULL, NULL, NULL, NULL, NULL, NULL),
	('affc3f55-faea-481c-90f5-89338059c0a7', '7724a925-f073-4b8f-a0bd-4ad9ad4b4280', 'd1b5cda2-07b7-4e77-8982-60b636308846', 'aaab4697-2193-46b1-9e06-71b6e8f11549', 1, '2026-01-05 18:34:28.751543+00', NULL, NULL, NULL, NULL, NULL, NULL),
	('02586956-c49a-4768-b58f-329bcf8f37bb', '7724a925-f073-4b8f-a0bd-4ad9ad4b4280', 'd783e05c-d720-430b-b09b-7c684f040575', 'aaab4697-2193-46b1-9e06-71b6e8f11549', 1, '2026-01-05 18:34:28.751543+00', NULL, NULL, NULL, NULL, NULL, NULL),
	('5249ed35-e210-4b2e-b78b-66ad5182bd44', '7724a925-f073-4b8f-a0bd-4ad9ad4b4280', '11f2656b-87de-424a-83da-5aee8eb1f6cc', 'aaab4697-2193-46b1-9e06-71b6e8f11549', 1, '2026-01-05 18:34:28.751543+00', NULL, NULL, NULL, NULL, NULL, NULL),
	('1bdf8a4a-1c78-45cb-b4cb-9e73b88a06cc', '7724a925-f073-4b8f-a0bd-4ad9ad4b4280', '5ebdae8a-89a4-424e-b942-cbd57ab8208c', NULL, 1, '2026-01-05 18:34:28.751543+00', 'big', NULL, NULL, NULL, NULL, NULL),
	('ad2df25b-b583-4942-86aa-666ce8337211', '7724a925-f073-4b8f-a0bd-4ad9ad4b4280', 'ae17c124-086d-4d7c-8bfc-5c0f2d4668ab', NULL, 1, '2026-01-05 18:34:28.751543+00', 'big', NULL, NULL, NULL, NULL, NULL),
	('8e97b8cb-6f75-42d0-bb1c-445a352ae974', '7724a925-f073-4b8f-a0bd-4ad9ad4b4280', 'e6cac754-36b4-4f84-800b-c13873383124', NULL, 10, '2026-01-05 18:34:28.751543+00', NULL, NULL, NULL, NULL, NULL, NULL),
	('777c30c5-07b5-4430-8d62-0655bcf5b0bd', '7724a925-f073-4b8f-a0bd-4ad9ad4b4280', '90b462f0-e794-4efd-898b-0fdbee92e10b', NULL, 10, '2026-01-05 18:34:28.751543+00', NULL, '01003df3-48a2-44f4-873c-ffc2f02377cb', NULL, NULL, NULL, NULL),
	('a7b24585-3518-4d8a-a89d-4cbd6547c6d7', '7724a925-f073-4b8f-a0bd-4ad9ad4b4280', 'deb8dac1-9616-47bc-9f2b-a6afefa8af0f', NULL, 10, '2026-01-05 18:34:28.751543+00', NULL, NULL, NULL, NULL, NULL, NULL),
	('ef656160-4511-431c-9501-c708bd1ea6cd', '7724a925-f073-4b8f-a0bd-4ad9ad4b4280', 'b7f09930-b9e3-438c-9362-0a6cf9e33ac7', NULL, 10, '2026-01-05 18:34:28.751543+00', NULL, NULL, NULL, NULL, NULL, NULL),
	('0f369c41-1c48-47a3-924a-08857d62a3ec', '7724a925-f073-4b8f-a0bd-4ad9ad4b4280', 'aa696d74-7d47-484c-98f0-bcc4810f7cad', NULL, 10, '2026-01-05 18:34:28.751543+00', NULL, NULL, NULL, NULL, NULL, NULL),
	('e4534110-94fc-421b-a6c8-70440a4c6f67', '7724a925-f073-4b8f-a0bd-4ad9ad4b4280', '74208092-3737-4e08-be3c-000618e799f4', NULL, 10, '2026-01-05 18:34:28.751543+00', NULL, NULL, NULL, NULL, NULL, NULL),
	('bf5e929c-a0e2-4a1a-b132-6398fc07d140', '7724a925-f073-4b8f-a0bd-4ad9ad4b4280', 'fe06093f-201f-4508-9b96-91372697271e', NULL, 10, '2026-01-05 18:34:28.751543+00', NULL, NULL, NULL, NULL, NULL, NULL),
	('401997b1-fb22-4ca8-9bb2-d5fd1250ffda', '7724a925-f073-4b8f-a0bd-4ad9ad4b4280', '769c005c-f0c0-4107-8b5c-ad52ffea2dee', NULL, 1, '2026-01-05 18:34:28.751543+00', 'big', NULL, NULL, NULL, NULL, NULL),
	('b41ceaaf-dc6f-40de-ba05-b89a5f87a7a5', '7724a925-f073-4b8f-a0bd-4ad9ad4b4280', 'b682b83f-fd6e-4e36-8a68-f4b2b8c17da9', NULL, 1, '2026-01-05 18:34:28.751543+00', 'big', NULL, NULL, NULL, NULL, NULL),
	('a6fc6e34-aba3-4ea2-bf7b-1f7b29c8df08', '7724a925-f073-4b8f-a0bd-4ad9ad4b4280', 'b6a50b14-c250-42d2-a7b0-3eb4f7b29fef', NULL, 1, '2026-01-05 18:34:28.751543+00', 'small', NULL, NULL, NULL, '62f8b2fc-884f-4bbb-885e-480b6cd4b5c7', NULL),
	('018f1e2a-116c-4415-8569-cb3912b313ad', '7724a925-f073-4b8f-a0bd-4ad9ad4b4280', 'b6a50b14-c250-42d2-a7b0-3eb4f7b29fef', NULL, 1, '2026-01-05 18:34:28.751543+00', 'small', NULL, NULL, NULL, '7509b198-608b-4b24-a38a-88779754f759', NULL),
	('f2199e5e-3b0c-450a-8534-311504dab3a8', '7724a925-f073-4b8f-a0bd-4ad9ad4b4280', '730f7123-ddc8-413a-8bd7-042bfaadcd8f', NULL, 1, '2026-01-05 18:34:28.751543+00', 'big', NULL, NULL, NULL, NULL, NULL),
	('a42d5ef3-5080-4e4f-9a9d-2a4b498fad51', '7724a925-f073-4b8f-a0bd-4ad9ad4b4280', '428f3bdc-b8d4-4002-8ad2-66fc7e14db4d', NULL, 1, '2026-01-05 18:34:28.751543+00', 'big', NULL, NULL, NULL, NULL, NULL),
	('85dacb4a-b50d-4bc4-9ae2-ad0675a9a3a4', '40ddbf09-3f31-4e5f-9bfa-c46ad1b0ab0b', '6e30d066-dc02-4fe4-9b03-ad3d8259e5bb', 'aaab4697-2193-46b1-9e06-71b6e8f11549', 1, '2026-01-05 18:35:11.223778+00', NULL, NULL, NULL, NULL, NULL, NULL),
	('6aa60bd7-6a08-4cbd-8e0d-4f4e3812260d', '40ddbf09-3f31-4e5f-9bfa-c46ad1b0ab0b', '2e72be5f-09a0-43a6-922e-a7e870c59cc1', 'aaab4697-2193-46b1-9e06-71b6e8f11549', 1, '2026-01-05 18:35:11.223778+00', NULL, NULL, NULL, NULL, NULL, NULL),
	('4f9d482d-c26a-4247-8ed5-cf38140f81a9', '40ddbf09-3f31-4e5f-9bfa-c46ad1b0ab0b', '8636bcf3-ec90-4eb7-811b-b7cd3a1a2a5e', 'aaab4697-2193-46b1-9e06-71b6e8f11549', 1, '2026-01-05 18:35:11.223778+00', NULL, NULL, NULL, NULL, NULL, NULL),
	('74184428-94c5-4155-9a35-e42f0723f28d', '40ddbf09-3f31-4e5f-9bfa-c46ad1b0ab0b', '8636bcf3-ec90-4eb7-811b-b7cd3a1a2a5e', 'aaab4697-2193-46b1-9e06-71b6e8f11549', 1, '2026-01-05 18:35:11.223778+00', NULL, NULL, 'd6a9621d-3b0e-4f8f-971d-149b7aba7876', NULL, NULL, NULL),
	('e7c83d2a-9da7-4471-8811-c7c6cccf2602', '40ddbf09-3f31-4e5f-9bfa-c46ad1b0ab0b', '98a92763-e2e1-4b9f-b430-7a0aba96b0b1', 'aaab4697-2193-46b1-9e06-71b6e8f11549', 1, '2026-01-05 18:35:11.223778+00', NULL, NULL, NULL, NULL, NULL, NULL),
	('0b6589cb-f068-4f25-8475-56440abd30be', '40ddbf09-3f31-4e5f-9bfa-c46ad1b0ab0b', 'cf038ad4-c3ce-4412-b323-ee79d86f32eb', 'aaab4697-2193-46b1-9e06-71b6e8f11549', 1, '2026-01-05 18:35:11.223778+00', NULL, NULL, NULL, NULL, NULL, NULL),
	('93af1479-6308-4481-8f52-f60dd1acf20c', '40ddbf09-3f31-4e5f-9bfa-c46ad1b0ab0b', 'd1b5cda2-07b7-4e77-8982-60b636308846', 'aaab4697-2193-46b1-9e06-71b6e8f11549', 1, '2026-01-05 18:35:11.223778+00', NULL, NULL, NULL, NULL, NULL, NULL),
	('1187702f-8808-4dd7-975b-a5561401cae5', '40ddbf09-3f31-4e5f-9bfa-c46ad1b0ab0b', 'd783e05c-d720-430b-b09b-7c684f040575', 'aaab4697-2193-46b1-9e06-71b6e8f11549', 1, '2026-01-05 18:35:11.223778+00', NULL, NULL, NULL, NULL, NULL, NULL),
	('193e1214-c2b2-4e9b-a15c-103bc614e5c2', '40ddbf09-3f31-4e5f-9bfa-c46ad1b0ab0b', '11f2656b-87de-424a-83da-5aee8eb1f6cc', 'aaab4697-2193-46b1-9e06-71b6e8f11549', 1, '2026-01-05 18:35:11.223778+00', NULL, NULL, NULL, NULL, NULL, NULL),
	('7a38f3ab-b938-44aa-b19f-fa824e441170', '40ddbf09-3f31-4e5f-9bfa-c46ad1b0ab0b', '5ebdae8a-89a4-424e-b942-cbd57ab8208c', NULL, 1, '2026-01-05 18:35:11.223778+00', 'big', NULL, NULL, NULL, NULL, NULL),
	('38c3491d-c510-4cae-aec0-fcffee3c3b92', '40ddbf09-3f31-4e5f-9bfa-c46ad1b0ab0b', 'ae17c124-086d-4d7c-8bfc-5c0f2d4668ab', NULL, 1, '2026-01-05 18:35:11.223778+00', 'big', NULL, NULL, NULL, NULL, NULL),
	('9679e898-50d3-4b1d-a9e1-51bb7c2a25ec', '40ddbf09-3f31-4e5f-9bfa-c46ad1b0ab0b', 'e6cac754-36b4-4f84-800b-c13873383124', NULL, 10, '2026-01-05 18:35:11.223778+00', NULL, NULL, NULL, NULL, NULL, NULL),
	('658adac2-5ba8-4f0b-8856-07653340b882', '40ddbf09-3f31-4e5f-9bfa-c46ad1b0ab0b', '90b462f0-e794-4efd-898b-0fdbee92e10b', NULL, 10, '2026-01-05 18:35:11.223778+00', NULL, '01003df3-48a2-44f4-873c-ffc2f02377cb', NULL, NULL, NULL, NULL),
	('7afc9da6-8cfa-4bf5-b3bb-a0467327ee3d', '40ddbf09-3f31-4e5f-9bfa-c46ad1b0ab0b', 'deb8dac1-9616-47bc-9f2b-a6afefa8af0f', NULL, 10, '2026-01-05 18:35:11.223778+00', NULL, NULL, NULL, NULL, NULL, NULL),
	('93bbf6a0-0c68-41d7-9365-f4e1fc01484c', '40ddbf09-3f31-4e5f-9bfa-c46ad1b0ab0b', 'b7f09930-b9e3-438c-9362-0a6cf9e33ac7', NULL, 10, '2026-01-05 18:35:11.223778+00', NULL, NULL, NULL, NULL, NULL, NULL),
	('be33d2ae-fe10-4b44-a7f6-07e722bd26be', '40ddbf09-3f31-4e5f-9bfa-c46ad1b0ab0b', 'aa696d74-7d47-484c-98f0-bcc4810f7cad', NULL, 10, '2026-01-05 18:35:11.223778+00', NULL, NULL, NULL, NULL, NULL, NULL),
	('7d132fd9-7d17-45ab-80c2-93f7766d6baa', '40ddbf09-3f31-4e5f-9bfa-c46ad1b0ab0b', '74208092-3737-4e08-be3c-000618e799f4', NULL, 10, '2026-01-05 18:35:11.223778+00', NULL, NULL, NULL, NULL, NULL, NULL),
	('f6175564-99c9-4e5c-913d-b1b56db4b981', '40ddbf09-3f31-4e5f-9bfa-c46ad1b0ab0b', 'fe06093f-201f-4508-9b96-91372697271e', NULL, 10, '2026-01-05 18:35:11.223778+00', NULL, NULL, NULL, NULL, NULL, NULL),
	('d98d3a75-6b31-4f9a-959e-4d161b29474b', '40ddbf09-3f31-4e5f-9bfa-c46ad1b0ab0b', '769c005c-f0c0-4107-8b5c-ad52ffea2dee', NULL, 1, '2026-01-05 18:35:11.223778+00', 'big', NULL, NULL, NULL, NULL, NULL),
	('81b440f5-8029-4108-9ebb-05b87689d261', '40ddbf09-3f31-4e5f-9bfa-c46ad1b0ab0b', 'b682b83f-fd6e-4e36-8a68-f4b2b8c17da9', NULL, 1, '2026-01-05 18:35:11.223778+00', 'big', NULL, NULL, NULL, NULL, NULL),
	('1129895e-a67a-4af1-9acc-b59a6cc249c1', '40ddbf09-3f31-4e5f-9bfa-c46ad1b0ab0b', 'b6a50b14-c250-42d2-a7b0-3eb4f7b29fef', NULL, 1, '2026-01-05 18:35:11.223778+00', 'small', NULL, NULL, NULL, '62f8b2fc-884f-4bbb-885e-480b6cd4b5c7', NULL),
	('2bc62223-fa50-443b-9d27-d42b4484c154', '40ddbf09-3f31-4e5f-9bfa-c46ad1b0ab0b', 'b6a50b14-c250-42d2-a7b0-3eb4f7b29fef', NULL, 1, '2026-01-05 18:35:11.223778+00', 'small', NULL, NULL, NULL, '7509b198-608b-4b24-a38a-88779754f759', NULL),
	('ad888413-4f62-440f-af8a-b1ec9f97ab8c', '40ddbf09-3f31-4e5f-9bfa-c46ad1b0ab0b', '730f7123-ddc8-413a-8bd7-042bfaadcd8f', NULL, 1, '2026-01-05 18:35:11.223778+00', 'big', NULL, NULL, NULL, NULL, NULL),
	('ed3949c5-5d71-4adf-9019-ea1f87e4869e', '40ddbf09-3f31-4e5f-9bfa-c46ad1b0ab0b', '428f3bdc-b8d4-4002-8ad2-66fc7e14db4d', NULL, 1, '2026-01-05 18:35:11.223778+00', 'big', NULL, NULL, NULL, NULL, NULL),
	('998b11b3-1581-42d4-8c5a-f17f562e1dbd', 'edc08fec-061e-4165-a255-7bc649ac088e', '6e30d066-dc02-4fe4-9b03-ad3d8259e5bb', 'aaab4697-2193-46b1-9e06-71b6e8f11549', 1, '2026-01-05 18:35:16.519359+00', NULL, NULL, NULL, NULL, NULL, NULL),
	('493271fc-1fcf-4657-aa7d-ac18baed9ce6', 'edc08fec-061e-4165-a255-7bc649ac088e', '2e72be5f-09a0-43a6-922e-a7e870c59cc1', 'aaab4697-2193-46b1-9e06-71b6e8f11549', 1, '2026-01-05 18:35:16.519359+00', NULL, NULL, NULL, NULL, NULL, NULL),
	('c40eb118-a8d9-41e6-b058-fe95641c198a', 'edc08fec-061e-4165-a255-7bc649ac088e', '8636bcf3-ec90-4eb7-811b-b7cd3a1a2a5e', 'aaab4697-2193-46b1-9e06-71b6e8f11549', 1, '2026-01-05 18:35:16.519359+00', NULL, NULL, NULL, NULL, NULL, NULL),
	('abf1d0e9-799e-4690-bcfe-ac8d160e8d1a', 'edc08fec-061e-4165-a255-7bc649ac088e', '8636bcf3-ec90-4eb7-811b-b7cd3a1a2a5e', 'aaab4697-2193-46b1-9e06-71b6e8f11549', 1, '2026-01-05 18:35:16.519359+00', NULL, NULL, 'd6a9621d-3b0e-4f8f-971d-149b7aba7876', NULL, NULL, NULL),
	('db1b6ddd-ac1d-4e6a-a254-53729f96f557', 'edc08fec-061e-4165-a255-7bc649ac088e', '98a92763-e2e1-4b9f-b430-7a0aba96b0b1', 'aaab4697-2193-46b1-9e06-71b6e8f11549', 1, '2026-01-05 18:35:16.519359+00', NULL, NULL, NULL, NULL, NULL, NULL),
	('105312a0-ec0e-4ebe-a433-99aa2f3deb44', 'edc08fec-061e-4165-a255-7bc649ac088e', 'cf038ad4-c3ce-4412-b323-ee79d86f32eb', 'aaab4697-2193-46b1-9e06-71b6e8f11549', 1, '2026-01-05 18:35:16.519359+00', NULL, NULL, NULL, NULL, NULL, NULL),
	('f5e8d3df-1723-4c06-b069-7e26b0c75ce8', 'edc08fec-061e-4165-a255-7bc649ac088e', 'd1b5cda2-07b7-4e77-8982-60b636308846', 'aaab4697-2193-46b1-9e06-71b6e8f11549', 1, '2026-01-05 18:35:16.519359+00', NULL, NULL, NULL, NULL, NULL, NULL),
	('d2da54b9-fd26-430e-bdce-73cf79561976', 'edc08fec-061e-4165-a255-7bc649ac088e', 'd783e05c-d720-430b-b09b-7c684f040575', 'aaab4697-2193-46b1-9e06-71b6e8f11549', 1, '2026-01-05 18:35:16.519359+00', NULL, NULL, NULL, NULL, NULL, NULL),
	('bdb4ffc0-172f-48e9-a963-5ef989906a18', 'edc08fec-061e-4165-a255-7bc649ac088e', '11f2656b-87de-424a-83da-5aee8eb1f6cc', 'aaab4697-2193-46b1-9e06-71b6e8f11549', 1, '2026-01-05 18:35:16.519359+00', NULL, NULL, NULL, NULL, NULL, NULL),
	('0f82e7c3-f7d8-424c-9b5b-d286bf66f5a4', 'edc08fec-061e-4165-a255-7bc649ac088e', '5ebdae8a-89a4-424e-b942-cbd57ab8208c', NULL, 1, '2026-01-05 18:35:16.519359+00', 'big', NULL, NULL, NULL, NULL, NULL),
	('8ed1cc65-daa6-44e3-855c-74a6023fece0', 'edc08fec-061e-4165-a255-7bc649ac088e', 'ae17c124-086d-4d7c-8bfc-5c0f2d4668ab', NULL, 1, '2026-01-05 18:35:16.519359+00', 'big', NULL, NULL, NULL, NULL, NULL),
	('3dac44e2-7493-4427-ab28-b8e95788b0a5', 'edc08fec-061e-4165-a255-7bc649ac088e', 'e6cac754-36b4-4f84-800b-c13873383124', NULL, 10, '2026-01-05 18:35:16.519359+00', NULL, NULL, NULL, NULL, NULL, NULL),
	('aabb01e6-c5b4-4f7a-a62a-e7195abcd2be', 'edc08fec-061e-4165-a255-7bc649ac088e', '90b462f0-e794-4efd-898b-0fdbee92e10b', NULL, 10, '2026-01-05 18:35:16.519359+00', NULL, '01003df3-48a2-44f4-873c-ffc2f02377cb', NULL, NULL, NULL, NULL),
	('c8d54069-e49a-42ab-809a-6fcda7d67b96', 'edc08fec-061e-4165-a255-7bc649ac088e', 'deb8dac1-9616-47bc-9f2b-a6afefa8af0f', NULL, 10, '2026-01-05 18:35:16.519359+00', NULL, NULL, NULL, NULL, NULL, NULL),
	('aefbeb68-4a45-484b-8104-c855e578853c', 'edc08fec-061e-4165-a255-7bc649ac088e', 'b7f09930-b9e3-438c-9362-0a6cf9e33ac7', NULL, 10, '2026-01-05 18:35:16.519359+00', NULL, NULL, NULL, NULL, NULL, NULL),
	('9ef631f1-fcd9-4fa3-9ac9-a8fe0e1b7b5e', 'edc08fec-061e-4165-a255-7bc649ac088e', 'aa696d74-7d47-484c-98f0-bcc4810f7cad', NULL, 10, '2026-01-05 18:35:16.519359+00', NULL, NULL, NULL, NULL, NULL, NULL),
	('16e369ae-3bc6-4f94-b9de-80198484b896', 'edc08fec-061e-4165-a255-7bc649ac088e', '74208092-3737-4e08-be3c-000618e799f4', NULL, 10, '2026-01-05 18:35:16.519359+00', NULL, NULL, NULL, NULL, NULL, NULL),
	('1ec336b7-6256-4b6a-92a8-83b02ed669c5', 'edc08fec-061e-4165-a255-7bc649ac088e', 'fe06093f-201f-4508-9b96-91372697271e', NULL, 10, '2026-01-05 18:35:16.519359+00', NULL, NULL, NULL, NULL, NULL, NULL),
	('15056721-59aa-4e9c-b426-6256eb9b741b', 'edc08fec-061e-4165-a255-7bc649ac088e', '769c005c-f0c0-4107-8b5c-ad52ffea2dee', NULL, 1, '2026-01-05 18:35:16.519359+00', 'big', NULL, NULL, NULL, NULL, NULL),
	('b019113f-fed6-4620-8b93-acb702e40424', 'edc08fec-061e-4165-a255-7bc649ac088e', 'b682b83f-fd6e-4e36-8a68-f4b2b8c17da9', NULL, 1, '2026-01-05 18:35:16.519359+00', 'big', NULL, NULL, NULL, NULL, NULL),
	('5a88d6a1-1263-44d1-874f-648db09f01a2', 'edc08fec-061e-4165-a255-7bc649ac088e', 'b6a50b14-c250-42d2-a7b0-3eb4f7b29fef', NULL, 1, '2026-01-05 18:35:16.519359+00', 'small', NULL, NULL, NULL, '62f8b2fc-884f-4bbb-885e-480b6cd4b5c7', NULL),
	('6baf0730-3cdc-43d6-b10d-31b5c5bb4d04', 'edc08fec-061e-4165-a255-7bc649ac088e', 'b6a50b14-c250-42d2-a7b0-3eb4f7b29fef', NULL, 1, '2026-01-05 18:35:16.519359+00', 'small', NULL, NULL, NULL, '7509b198-608b-4b24-a38a-88779754f759', NULL),
	('ba7da114-eb83-4e3c-b38d-b456e2312cfa', 'edc08fec-061e-4165-a255-7bc649ac088e', '730f7123-ddc8-413a-8bd7-042bfaadcd8f', NULL, 1, '2026-01-05 18:35:16.519359+00', 'big', NULL, NULL, NULL, NULL, NULL),
	('20b98fa7-4248-40b3-b705-3c49acfe7a76', 'edc08fec-061e-4165-a255-7bc649ac088e', '428f3bdc-b8d4-4002-8ad2-66fc7e14db4d', NULL, 1, '2026-01-05 18:35:16.519359+00', 'big', NULL, NULL, NULL, NULL, NULL),
	('18dc2342-eaae-4a21-9628-ad369b1c04b0', '925cd596-2761-4ab9-9983-89f5839b0a67', '6e30d066-dc02-4fe4-9b03-ad3d8259e5bb', 'aaab4697-2193-46b1-9e06-71b6e8f11549', 1, '2026-01-05 18:36:02.421618+00', NULL, NULL, NULL, NULL, NULL, NULL),
	('b01cad4f-91cc-48cf-b3c3-3060fc42bf88', '925cd596-2761-4ab9-9983-89f5839b0a67', '2e72be5f-09a0-43a6-922e-a7e870c59cc1', 'aaab4697-2193-46b1-9e06-71b6e8f11549', 1, '2026-01-05 18:36:02.421618+00', NULL, NULL, NULL, NULL, NULL, NULL),
	('d8de2b9b-67b8-4085-885b-30984146aaae', '925cd596-2761-4ab9-9983-89f5839b0a67', '8636bcf3-ec90-4eb7-811b-b7cd3a1a2a5e', 'aaab4697-2193-46b1-9e06-71b6e8f11549', 1, '2026-01-05 18:36:02.421618+00', NULL, NULL, NULL, NULL, NULL, NULL),
	('364c9499-5991-45ad-9b38-ec9d3b52f3cb', '925cd596-2761-4ab9-9983-89f5839b0a67', '8636bcf3-ec90-4eb7-811b-b7cd3a1a2a5e', 'aaab4697-2193-46b1-9e06-71b6e8f11549', 1, '2026-01-05 18:36:02.421618+00', NULL, NULL, 'd6a9621d-3b0e-4f8f-971d-149b7aba7876', NULL, NULL, NULL),
	('98459318-f300-4ef6-aed4-3874b8c38c5f', '925cd596-2761-4ab9-9983-89f5839b0a67', '98a92763-e2e1-4b9f-b430-7a0aba96b0b1', 'aaab4697-2193-46b1-9e06-71b6e8f11549', 1, '2026-01-05 18:36:02.421618+00', NULL, NULL, NULL, NULL, NULL, NULL),
	('6469f11b-3f8a-4ce0-afac-70bc9c471d3f', '925cd596-2761-4ab9-9983-89f5839b0a67', 'cf038ad4-c3ce-4412-b323-ee79d86f32eb', 'aaab4697-2193-46b1-9e06-71b6e8f11549', 1, '2026-01-05 18:36:02.421618+00', NULL, NULL, NULL, NULL, NULL, NULL),
	('8f2dffb7-ba97-4562-941b-1a7d6ef5c77b', '925cd596-2761-4ab9-9983-89f5839b0a67', 'd1b5cda2-07b7-4e77-8982-60b636308846', 'aaab4697-2193-46b1-9e06-71b6e8f11549', 1, '2026-01-05 18:36:02.421618+00', NULL, NULL, NULL, NULL, NULL, NULL),
	('96ca3f3a-bde4-4230-9bee-7f08bacd7953', '925cd596-2761-4ab9-9983-89f5839b0a67', 'd783e05c-d720-430b-b09b-7c684f040575', 'aaab4697-2193-46b1-9e06-71b6e8f11549', 1, '2026-01-05 18:36:02.421618+00', NULL, NULL, NULL, NULL, NULL, NULL),
	('674e3af1-7bdb-46e6-a30a-035c3741e101', '925cd596-2761-4ab9-9983-89f5839b0a67', '11f2656b-87de-424a-83da-5aee8eb1f6cc', 'aaab4697-2193-46b1-9e06-71b6e8f11549', 1, '2026-01-05 18:36:02.421618+00', NULL, NULL, NULL, NULL, NULL, NULL),
	('b0ed8fa6-ecb9-4a60-a05c-a841ad16d750', '925cd596-2761-4ab9-9983-89f5839b0a67', '5ebdae8a-89a4-424e-b942-cbd57ab8208c', NULL, 1, '2026-01-05 18:36:02.421618+00', 'big', NULL, NULL, NULL, NULL, NULL),
	('036767d1-898e-4e88-be4d-6902575b89ef', '925cd596-2761-4ab9-9983-89f5839b0a67', 'ae17c124-086d-4d7c-8bfc-5c0f2d4668ab', NULL, 1, '2026-01-05 18:36:02.421618+00', 'big', NULL, NULL, NULL, NULL, NULL),
	('4433c3d6-69c8-45da-9485-6f1d21ddfb6e', '925cd596-2761-4ab9-9983-89f5839b0a67', 'e6cac754-36b4-4f84-800b-c13873383124', NULL, 10, '2026-01-05 18:36:02.421618+00', NULL, NULL, NULL, NULL, NULL, NULL),
	('6360b3e2-4838-48db-8cec-bb394ec5ca0a', '925cd596-2761-4ab9-9983-89f5839b0a67', '90b462f0-e794-4efd-898b-0fdbee92e10b', NULL, 10, '2026-01-05 18:36:02.421618+00', NULL, '01003df3-48a2-44f4-873c-ffc2f02377cb', NULL, NULL, NULL, NULL),
	('ebd777b1-9928-488f-a91f-127818343daa', '925cd596-2761-4ab9-9983-89f5839b0a67', 'deb8dac1-9616-47bc-9f2b-a6afefa8af0f', NULL, 10, '2026-01-05 18:36:02.421618+00', NULL, NULL, NULL, NULL, NULL, NULL),
	('44fce0eb-fc2b-4429-a7de-36dabd1d1cf2', '925cd596-2761-4ab9-9983-89f5839b0a67', 'b7f09930-b9e3-438c-9362-0a6cf9e33ac7', NULL, 10, '2026-01-05 18:36:02.421618+00', NULL, NULL, NULL, NULL, NULL, NULL),
	('30fb8159-1a0e-4f72-9000-161fdbb12b6d', '925cd596-2761-4ab9-9983-89f5839b0a67', 'aa696d74-7d47-484c-98f0-bcc4810f7cad', NULL, 10, '2026-01-05 18:36:02.421618+00', NULL, NULL, NULL, NULL, NULL, NULL),
	('4005272e-6cea-4362-b625-c7eea4c574ce', '925cd596-2761-4ab9-9983-89f5839b0a67', '74208092-3737-4e08-be3c-000618e799f4', NULL, 10, '2026-01-05 18:36:02.421618+00', NULL, NULL, NULL, NULL, NULL, NULL),
	('f1fc8493-8443-4fd0-8746-cd7faa7c9d2e', '925cd596-2761-4ab9-9983-89f5839b0a67', 'fe06093f-201f-4508-9b96-91372697271e', NULL, 10, '2026-01-05 18:36:02.421618+00', NULL, NULL, NULL, NULL, NULL, NULL),
	('128ef44d-3fd9-4538-9738-65c5420d41f5', '925cd596-2761-4ab9-9983-89f5839b0a67', '769c005c-f0c0-4107-8b5c-ad52ffea2dee', NULL, 1, '2026-01-05 18:36:02.421618+00', 'big', NULL, NULL, NULL, NULL, NULL),
	('39744ea5-e16a-4e52-80cc-c73f8be4c109', '925cd596-2761-4ab9-9983-89f5839b0a67', 'b682b83f-fd6e-4e36-8a68-f4b2b8c17da9', NULL, 1, '2026-01-05 18:36:02.421618+00', 'big', NULL, NULL, NULL, NULL, NULL),
	('b5d02d61-8436-484b-804f-de1c11b48c10', '925cd596-2761-4ab9-9983-89f5839b0a67', 'b6a50b14-c250-42d2-a7b0-3eb4f7b29fef', NULL, 1, '2026-01-05 18:36:02.421618+00', 'small', NULL, NULL, NULL, '62f8b2fc-884f-4bbb-885e-480b6cd4b5c7', NULL),
	('62c74ad4-c65d-4f0f-8ce4-d3c8fc54e067', '925cd596-2761-4ab9-9983-89f5839b0a67', 'b6a50b14-c250-42d2-a7b0-3eb4f7b29fef', NULL, 1, '2026-01-05 18:36:02.421618+00', 'small', NULL, NULL, NULL, '7509b198-608b-4b24-a38a-88779754f759', NULL),
	('c7697f9f-f3cf-410a-be79-6e5b3d424c54', '925cd596-2761-4ab9-9983-89f5839b0a67', '730f7123-ddc8-413a-8bd7-042bfaadcd8f', NULL, 1, '2026-01-05 18:36:02.421618+00', 'big', NULL, NULL, NULL, NULL, NULL),
	('364ffb35-e7c8-4587-833c-e2ef63e716f1', '925cd596-2761-4ab9-9983-89f5839b0a67', '428f3bdc-b8d4-4002-8ad2-66fc7e14db4d', NULL, 1, '2026-01-05 18:36:02.421618+00', 'big', NULL, NULL, NULL, NULL, NULL),
	('1cb8fe51-ea7e-4458-8bb7-a2e9ed010fdc', '2cf7cd0e-f1d0-4e38-a2f3-acc3d107ac68', '6e30d066-dc02-4fe4-9b03-ad3d8259e5bb', 'aaab4697-2193-46b1-9e06-71b6e8f11549', 1, '2026-01-06 20:07:29.949883+00', NULL, NULL, NULL, NULL, NULL, 'humus!!!'),
	('3c16659b-c863-4784-ad03-74d997a9c766', '2cf7cd0e-f1d0-4e38-a2f3-acc3d107ac68', '6e30d066-dc02-4fe4-9b03-ad3d8259e5bb', '1dd3da19-555e-4e6c-a943-5c6a995b73d9', 1, '2026-01-06 20:07:29.949883+00', NULL, NULL, NULL, NULL, NULL, NULL),
	('a623490d-c67f-433f-9d5e-410ff2a203ca', '2cf7cd0e-f1d0-4e38-a2f3-acc3d107ac68', '11f2656b-87de-424a-83da-5aee8eb1f6cc', 'edcd6cec-aba1-4658-bbeb-6b641f31ec7e', 1, '2026-01-06 20:07:29.949883+00', NULL, NULL, NULL, NULL, NULL, NULL),
	('e97c6f0b-d3a6-42d6-baf1-45a536d6302f', '2cf7cd0e-f1d0-4e38-a2f3-acc3d107ac68', 'a883d20a-5e50-4035-85c8-5bc2c41e378d', NULL, 1, '2026-01-06 20:07:29.949883+00', 'big', NULL, NULL, NULL, NULL, 'mjhjmhj'),
	('7c4a52bd-2988-44b5-92b5-b7fbd2391087', '2cf7cd0e-f1d0-4e38-a2f3-acc3d107ac68', 'a883d20a-5e50-4035-85c8-5bc2c41e378d', NULL, 1, '2026-01-06 20:07:29.949883+00', 'small', NULL, NULL, NULL, NULL, NULL),
	('84f54783-91e3-40a8-9ecb-41f668bfbe4b', '2cf7cd0e-f1d0-4e38-a2f3-acc3d107ac68', 'c85c7625-8141-4be7-b8b2-2ddf6739fdab', NULL, 1, '2026-01-06 20:07:29.949883+00', 'small', NULL, NULL, NULL, NULL, NULL);


--

SET session_replication_role = DEFAULT;
